Site ID,Site name,Relates to individual placed at non-funded non-licensed OPR?,SOR ID,Confidential private SOR,Status,SOR Initiator,Date of Serious Occurrence,Time of Serious Occurrence,Date of Report Submission,Time of Report Submission,Last Update Date,Last Update Time,Update Due Date,Revision Due Date,SOR Level,Media attention,# of individuals,# of unique non-client individuals (associated to specific COVID 19 SORs),# of unique categories,Categories
SYN-SITE-05,Synthetic Site E,N,SYN-E00001,,Closed,,2025-09-02,06:00:00,2025-09-04,07:00:00,2025-09-05,07:00:00,,,2,N,1,0,2,
SYN-SITE-01,Synthetic Site A,N,SYN-E00002,,Open,,2025-09-19,06:00:00,2025-09-20,07:00:00,2025-09-24,07:00:00,,,2,N,3,0,4,
SYN-SITE-01,Synthetic Site A,N,SYN-E00003,,Closed,,2025-09-19,13:45:00,2025-09-19,14:45:00,2025-09-23,14:45:00,,,1,N,1,0,2,
SYN-SITE-01,Synthetic Site A,N,SYN-E00004,,Under Review,,2025-09-28,06:00:00,2025-09-29,07:00:00,2025-09-29,07:00:00,,,2,N,1,0,1,
SYN-SITE-01,Synthetic Site A,N,SYN-E00005,,Closed,,2025-09-06,10:45:00,2025-09-06,11:45:00,2025-09-07,11:45:00,,,1,N,1,0,1,
SYN-SITE-01,Synthetic Site A,N,SYN-E00006,,Closed,,2025-09-04,11:15:00,2025-09-05,12:15:00,2025-09-09,12:15:00,,,1,N,2,0,3,
SYN-SITE-04,Synthetic Site D,N,SYN-E00007,,Closed,,2025-09-26,18:15:00,2025-09-26,19:15:00,2025-09-30,19:15:00,,,2,N,1,0,2,
SYN-SITE-06,Synthetic Site F,N,SYN-E00008,,Closed,,2025-09-15,18:45:00,2025-09-16,19:45:00,2025-09-20,19:45:00,,,2,N,3,0,4,
SYN-SITE-01,Synthetic Site A,N,SYN-E00009,,Under Review,,2025-09-17,09:45:00,2025-09-18,10:45:00,2025-09-18,10:45:00,,,1,N,1,0,2,
SYN-SITE-05,Synthetic Site E,N,SYN-E00010,,Closed,,2025-09-05,17:15:00,2025-09-05,18:15:00,2025-09-08,18:15:00,,,2,N,1,0,1,
SYN-SITE-01,Synthetic Site A,N,SYN-E00011,,Open,,2025-09-01,07:00:00,2025-09-03,08:00:00,2025-09-03,08:00:00,,,1,N,2,0,3,
SYN-SITE-01,Synthetic Site A,N,SYN-E00012,,Closed,,2025-09-22,15:45:00,2025-09-25,16:45:00,2025-09-27,16:45:00,,,1,N,1,0,2,
SYN-SITE-05,Synthetic Site E,N,SYN-E00013,,Under Review,,2025-09-03,11:30:00,2025-09-05,12:30:00,2025-09-05,12:30:00,,,2,N,1,0,2,
SYN-SITE-03,Synthetic Site C,N,SYN-E00014,,Open,,2025-09-18,15:00:00,2025-09-19,16:00:00,2025-09-19,16:00:00,,,1,N,1,0,1,
SYN-SITE-04,Synthetic Site D,N,SYN-E00015,,Closed,,2025-09-25,15:15:00,2025-09-26,16:15:00,2025-09-27,16:15:00,,,2,N,2,0,3,
SYN-SITE-02,Synthetic Site B,N,SYN-E00016,,Under Review,,2025-09-13,12:30:00,2025-09-14,13:30:00,2025-09-17,13:30:00,,,1,N,1,0,1,
SYN-SITE-02,Synthetic Site B,N,SYN-E00017,,Open,,2025-09-04,13:00:00,2025-09-04,14:00:00,2025-09-04,14:00:00,,,2,N,1,0,1,
SYN-SITE-06,Synthetic Site F,N,SYN-E00018,,Closed,,2025-09-27,05:15:00,2025-09-27,06:15:00,2025-09-30,06:15:00,,,1,N,1,0,1,
SYN-SITE-03,Synthetic Site C,N,SYN-E00019,,Open,,2025-09-28,04:00:00,2025-10-01,05:00:00,2025-10-05,05:00:00,,,1,N,1,0,1,
SYN-SITE-02,Synthetic Site B,N,SYN-E00020,,Closed,,2025-09-29,01:30:00,2025-09-29,02:30:00,2025-10-03,02:30:00,,,2,N,1,0,1,
SYN-SITE-01,Synthetic Site A,N,SYN-E00021,,Closed,,2025-09-12,13:00:00,2025-09-12,14:00:00,2025-09-15,14:00:00,,,1,Y,3,0,4,
SYN-SITE-01,Synthetic Site A,N,SYN-E00022,,Under Review,,2025-09-30,14:30:00,2025-10-03,15:30:00,2025-10-04,15:30:00,,,1,N,1,0,2,
SYN-SITE-05,Synthetic Site E,N,SYN-E00023,,Closed,,2025-09-08,07:45:00,2025-09-10,08:45:00,2025-09-10,08:45:00,,,2,N,0,0,0,
SYN-SITE-05,Synthetic Site E,N,SYN-E00024,,Closed,,2025-09-27,03:00:00,2025-09-27,04:00:00,2025-09-30,04:00:00,,,2,N,2,0,3,
SYN-SITE-02,Synthetic Site B,N,SYN-E00025,,Closed,,2025-09-04,13:15:00,2025-09-05,14:15:00,2025-09-06,14:15:00,,,1,N,1,0,2,
SYN-SITE-02,Synthetic Site B,N,SYN-E00026,,Closed,,2025-09-10,13:00:00,2025-09-11,14:00:00,2025-09-15,14:00:00,,,2,N,3,0,4,
SYN-SITE-05,Synthetic Site E,N,SYN-E00027,,Closed,,2025-10-01,17:00:00,2025-10-01,18:00:00,2025-10-05,18:00:00,,,2,N,1,0,1,
SYN-SITE-01,Synthetic Site A,N,SYN-E00028,,Closed,,2025-10-03,15:45:00,2025-10-04,16:45:00,2025-10-06,16:45:00,,,1,N,2,0,3,
SYN-SITE-03,Synthetic Site C,N,SYN-E00029,,Closed,,2025-10-14,16:15:00,2025-10-15,17:15:00,2025-10-17,17:15:00,,,2,N,1,0,2,
SYN-SITE-04,Synthetic Site D,N,SYN-E00030,,Closed,,2025-10-30,02:45:00,2025-11-01,03:45:00,2025-11-02,03:45:00,,,2,N,1,0,2,
SYN-SITE-01,Synthetic Site A,N,SYN-E00031,,Under Review,,2025-10-25,17:45:00,2025-10-26,18:45:00,2025-10-29,18:45:00,,,2,N,1,0,1,
SYN-SITE-04,Synthetic Site D,N,SYN-E00032,,Closed,,2025-10-18,03:00:00,2025-10-21,04:00:00,2025-10-25,04:00:00,,,1,Y,1,0,1,
SYN-SITE-02,Synthetic Site B,N,SYN-E00033,,Open,,2025-10-20,02:15:00,2025-10-21,03:15:00,2025-10-24,03:15:00,,,1,N,1,0,2,
SYN-SITE-05,Synthetic Site E,N,SYN-E00034,,Closed,,2025-10-27,03:30:00,2025-10-28,04:30:00,2025-10-31,04:30:00,,,2,N,3,0,4,
SYN-SITE-02,Synthetic Site B,N,SYN-E00035,,Closed,,2025-10-10,04:00:00,2025-10-11,05:00:00,2025-10-14,05:00:00,,,1,N,1,0,1,
SYN-SITE-01,Synthetic Site A,N,SYN-E00036,,Closed,,2025-10-01,10:45:00,2025-10-01,11:45:00,2025-10-01,11:45:00,,,2,N,1,0,2,
SYN-SITE-05,Synthetic Site E,N,SYN-E00037,,Closed,,2025-10-29,11:15:00,2025-10-31,12:15:00,2025-10-31,12:15:00,,,2,N,1,0,1,
SYN-SITE-06,Synthetic Site F,N,SYN-E00038,,Closed,,2025-10-06,12:00:00,2025-10-08,13:00:00,2025-10-12,13:00:00,,,1,N,1,0,2,
SYN-SITE-03,Synthetic Site C,N,SYN-E00039,,Closed,,2025-10-02,12:00:00,2025-10-02,13:00:00,2025-10-04,13:00:00,,,1,N,1,0,2,
SYN-SITE-01,Synthetic Site A,N,SYN-E00040,,Open,,2025-10-05,14:45:00,2025-10-06,15:45:00,2025-10-09,15:45:00,,,1,N,1,0,1,
SYN-SITE-02,Synthetic Site B,N,SYN-E00041,,Under Review,,2025-10-14,08:00:00,2025-10-17,09:00:00,2025-10-18,09:00:00,,,1,N,1,0,1,
SYN-SITE-02,Synthetic Site B,N,SYN-E00042,,Under Review,,2025-10-01,11:30:00,2025-10-02,12:30:00,2025-10-02,12:30:00,,,2,N,1,0,2,
SYN-SITE-01,Synthetic Site A,N,SYN-E00043,,Open,,2025-10-19,00:30:00,2025-10-19,01:30:00,2025-10-22,01:30:00,,,1,N,2,0,3,
SYN-SITE-05,Synthetic Site E,N,SYN-E00044,,Open,,2025-10-10,01:45:00,2025-10-13,02:45:00,2025-10-13,02:45:00,,,2,N,3,0,4,
SYN-SITE-06,Synthetic Site F,N,SYN-E00045,,Closed,,2025-10-22,01:45:00,2025-10-22,02:45:00,2025-10-25,02:45:00,,,1,N,2,0,3,
SYN-SITE-02,Synthetic Site B,N,SYN-E00046,,Open,,2025-10-05,15:45:00,2025-10-07,16:45:00,2025-10-09,16:45:00,,,2,N,0,0,0,
SYN-SITE-02,Synthetic Site B,N,SYN-E00047,,Under Review,,2025-10-04,09:30:00,2025-10-04,10:30:00,2025-10-08,10:30:00,,,1,N,1,0,2,
SYN-SITE-03,Synthetic Site C,N,SYN-E00048,,Closed,,2025-10-14,08:15:00,2025-10-14,09:15:00,2025-10-14,09:15:00,,,2,Y,1,0,2,
SYN-SITE-03,Synthetic Site C,N,SYN-E00049,,Closed,,2025-10-11,01:30:00,2025-10-13,02:30:00,2025-10-17,02:30:00,,,1,Y,1,0,1,
SYN-SITE-02,Synthetic Site B,N,SYN-E00050,,Open,,2025-10-28,17:45:00,2025-10-28,18:45:00,2025-10-31,18:45:00,,,1,Y,1,0,1,
SYN-SITE-05,Synthetic Site E,N,SYN-E00051,,Closed,,2025-10-01,05:30:00,2025-10-01,06:30:00,2025-10-05,06:30:00,,,2,N,2,0,3,
SYN-SITE-01,Synthetic Site A,N,SYN-E00052,,Under Review,,2025-10-28,11:15:00,2025-10-29,12:15:00,2025-10-30,12:15:00,,,1,N,1,0,1,
SYN-SITE-03,Synthetic Site C,N,SYN-E00053,,Closed,,2025-10-11,14:00:00,2025-10-16,15:00:00,2025-10-19,15:00:00,,,2,N,1,0,1,
SYN-SITE-01,Synthetic Site A,N,SYN-E00054,,Closed,,2025-10-09,11:00:00,2025-10-09,12:00:00,2025-10-12,12:00:00,,,2,N,1,0,1,
SYN-SITE-05,Synthetic Site E,N,SYN-E00055,,Open,,2025-10-30,04:30:00,2025-11-06,05:30:00,2025-11-07,05:30:00,,,1,N,1,0,1,
SYN-SITE-06,Synthetic Site F,N,SYN-E00056,,Closed,,2025-10-26,11:45:00,2025-10-31,12:45:00,2025-11-03,12:45:00,,,1,N,2,0,3,
SYN-SITE-02,Synthetic Site B,N,SYN-E00057,,Open,,2025-10-17,05:45:00,2025-10-19,06:45:00,2025-10-20,06:45:00,,,1,N,1,0,1,
SYN-SITE-06,Synthetic Site F,N,SYN-E00058,,Closed,,2025-11-08,09:00:00,2025-11-09,10:00:00,2025-11-09,10:00:00,,,2,N,1,0,1,
SYN-SITE-03,Synthetic Site C,N,SYN-E00059,,Closed,,2025-11-09,15:00:00,2025-11-10,16:00:00,2025-11-10,16:00:00,,,2,N,1,0,2,
SYN-SITE-06,Synthetic Site F,N,SYN-E00060,,Under Review,,2025-11-30,18:45:00,2025-11-30,19:45:00,2025-12-02,19:45:00,,,1,N,1,0,2,
SYN-SITE-02,Synthetic Site B,N,SYN-E00061,,Closed,,2025-11-16,19:15:00,2025-11-16,20:15:00,2025-11-17,20:15:00,,,2,N,1,0,2,
SYN-SITE-05,Synthetic Site E,N,SYN-E00062,,Open,,2025-11-20,19:30:00,2025-11-25,20:30:00,2025-11-27,20:30:00,,,1,N,1,0,1,
SYN-SITE-06,Synthetic Site F,N,SYN-E00063,,Under Review,,2025-11-20,03:15:00,2025-11-20,04:15:00,2025-11-24,04:15:00,,,1,N,2,0,3,
SYN-SITE-05,Synthetic Site E,N,SYN-E00064,,Under Review,,2025-11-19,08:15:00,2025-11-19,09:15:00,2025-11-23,09:15:00,,,1,Y,2,0,3,
SYN-SITE-01,Synthetic Site A,N,SYN-E00065,,Closed,,2025-11-03,03:45:00,2025-11-04,04:45:00,2025-11-08,04:45:00,,,1,N,2,0,3,
SYN-SITE-06,Synthetic Site F,N,SYN-E00066,,Closed,,2025-11-15,06:15:00,2025-11-15,07:15:00,2025-11-16,07:15:00,,,2,N,2,0,3,
SYN-SITE-03,Synthetic Site C,N,SYN-E00067,,Open,,2025-11-01,10:15:00,2025-11-04,11:15:00,2025-11-04,11:15:00,,,1,N,2,0,3,
SYN-SITE-06,Synthetic Site F,N,SYN-E00068,,Under Review,,2025-11-28,04:00:00,2025-11-29,05:00:00,2025-11-29,05:00:00,,,1,Y,2,0,3,
SYN-SITE-05,Synthetic Site E,N,SYN-E00069,,Open,,2025-11-03,00:00:00,2025-11-04,01:00:00,2025-11-05,01:00:00,,,1,N,0,0,0,
SYN-SITE-05,Synthetic Site E,N,SYN-E00070,,Closed,,2025-11-18,14:00:00,2025-11-19,15:00:00,2025-11-23,15:00:00,,,1,Y,1,0,2,
SYN-SITE-05,Synthetic Site E,N,SYN-E00071,,Open,,2025-11-29,06:30:00,2025-12-02,07:30:00,2025-12-06,07:30:00,,,1,N,1,0,1,
SYN-SITE-01,Synthetic Site A,N,SYN-E00072,,Under Review,,2025-11-10,14:00:00,2025-11-11,15:00:00,2025-11-13,15:00:00,,,1,N,1,0,1,
SYN-SITE-01,Synthetic Site A,N,SYN-E00073,,Open,,2025-11-01,20:30:00,2025-11-04,21:30:00,2025-11-04,21:30:00,,,2,Y,1,0,1,
SYN-SITE-04,Synthetic Site D,N,SYN-E00074,,Under Review,,2025-11-03,07:15:00,2025-11-03,08:15:00,2025-11-03,08:15:00,,,2,N,3,0,3,
SYN-SITE-04,Synthetic Site D,N,SYN-E00075,,Under Review,,2025-11-19,20:30:00,2025-11-20,21:30:00,2025-11-23,21:30:00,,,2,N,1,0,2,
SYN-SITE-03,Synthetic Site C,N,SYN-E00076,,Under Review,,2025-11-23,13:15:00,2025-11-24,14:15:00,2025-11-25,14:15:00,,,2,N,1,0,2,
SYN-SITE-02,Synthetic Site B,N,SYN-E00077,,Under Review,,2025-11-17,15:45:00,2025-11-17,16:45:00,2025-11-19,16:45:00,,,1,N,2,0,3,
SYN-SITE-03,Synthetic Site C,N,SYN-E00078,,Under Review,,2025-11-11,20:15:00,2025-11-16,21:15:00,2025-11-18,21:15:00,,,1,N,3,0,4,
SYN-SITE-03,Synthetic Site C,N,SYN-E00079,,Closed,,2025-11-21,11:45:00,2025-11-21,12:45:00,2025-11-25,12:45:00,,,2,N,2,0,3,
SYN-SITE-01,Synthetic Site A,N,SYN-E00080,,Closed,,2025-11-04,00:00:00,2025-11-05,01:00:00,2025-11-09,01:00:00,,,2,N,1,0,2,
SYN-SITE-01,Synthetic Site A,N,SYN-E00081,,Closed,,2025-11-23,17:30:00,2025-11-25,18:30:00,2025-11-28,18:30:00,,,2,N,1,0,2,
SYN-SITE-05,Synthetic Site E,N,SYN-E00082,,Closed,,2025-11-05,01:00:00,2025-11-06,02:00:00,2025-11-10,02:00:00,,,2,N,1,0,2,
SYN-SITE-06,Synthetic Site F,N,SYN-E00083,,Open,,2025-11-07,17:15:00,2025-11-07,18:15:00,2025-11-11,18:15:00,,,1,N,1,0,2,
SYN-SITE-03,Synthetic Site C,N,SYN-E00084,,Closed,,2025-11-12,03:45:00,2025-11-13,04:45:00,2025-11-16,04:45:00,,,2,N,1,0,1,
SYN-SITE-02,Synthetic Site B,N,SYN-E00085,,Closed,,2025-11-13,15:45:00,2025-11-18,16:45:00,2025-11-22,16:45:00,,,1,N,1,0,1,
SYN-SITE-03,Synthetic Site C,N,SYN-E00086,,Under Review,,2025-12-01,08:00:00,2025-12-03,09:00:00,2025-12-05,09:00:00,,,1,N,2,0,3,
SYN-SITE-05,Synthetic Site E,N,SYN-E00087,,Under Review,,2025-12-01,10:00:00,2025-12-02,11:00:00,2025-12-05,11:00:00,,,1,Y,1,0,1,
SYN-SITE-03,Synthetic Site C,N,SYN-E00088,,Closed,,2025-12-12,05:45:00,2025-12-14,06:45:00,2025-12-15,06:45:00,,,2,N,1,0,1,
SYN-SITE-04,Synthetic Site D,N,SYN-E00089,,Open,,2025-12-28,20:45:00,2025-12-29,21:45:00,2025-12-29,21:45:00,,,2,Y,1,0,1,
SYN-SITE-05,Synthetic Site E,N,SYN-E00090,,Under Review,,2025-12-21,04:00:00,2025-12-21,05:00:00,2025-12-22,05:00:00,,,1,N,2,0,3,
SYN-SITE-04,Synthetic Site D,N,SYN-E00091,,Closed,,2025-12-19,12:15:00,2025-12-20,13:15:00,2025-12-23,13:15:00,,,1,N,2,0,3,
SYN-SITE-01,Synthetic Site A,N,SYN-E00092,,Under Review,,2025-12-18,13:15:00,2025-12-18,14:15:00,2025-12-18,14:15:00,,,2,N,0,0,0,
SYN-SITE-02,Synthetic Site B,N,SYN-E00093,,Open,,2025-12-31,17:45:00,2025-12-31,18:45:00,2026-01-02,18:45:00,,,2,N,2,0,3,
SYN-SITE-03,Synthetic Site C,N,SYN-E00094,,Closed,,2025-12-26,06:45:00,2025-12-29,07:45:00,2025-12-29,07:45:00,,,2,N,1,0,2,
SYN-SITE-03,Synthetic Site C,N,SYN-E00095,,Under Review,,2025-12-24,07:45:00,2025-12-25,08:45:00,2025-12-25,08:45:00,,,1,Y,1,0,2,
SYN-SITE-04,Synthetic Site D,N,SYN-E00096,,Closed,,2025-12-01,19:15:00,2025-12-03,20:15:00,2025-12-06,20:15:00,,,2,N,3,0,4,
SYN-SITE-02,Synthetic Site B,N,SYN-E00097,,Open,,2025-12-10,14:45:00,2025-12-10,15:45:00,2025-12-14,15:45:00,,,2,N,1,0,2,
SYN-SITE-01,Synthetic Site A,N,SYN-E00098,,Closed,,2025-12-19,09:45:00,2025-12-19,10:45:00,2025-12-20,10:45:00,,,1,N,1,0,2,
SYN-SITE-05,Synthetic Site E,N,SYN-E00099,,Open,,2025-12-10,00:00:00,2025-12-11,01:00:00,2025-12-15,01:00:00,,,2,N,1,0,2,
SYN-SITE-05,Synthetic Site E,N,SYN-E00100,,Under Review,,2025-12-21,13:30:00,2025-12-21,14:30:00,2025-12-25,14:30:00,,,2,N,1,0,1,
SYN-SITE-02,Synthetic Site B,N,SYN-E00101,,Closed,,2025-12-31,01:30:00,2025-12-31,02:30:00,2025-12-31,02:30:00,,,2,N,2,0,3,
SYN-SITE-02,Synthetic Site B,N,SYN-E00102,,Open,,2025-12-18,10:45:00,2025-12-19,11:45:00,2025-12-19,11:45:00,,,1,N,1,0,1,
SYN-SITE-02,Synthetic Site B,N,SYN-E00103,,Under Review,,2025-12-12,06:15:00,2025-12-13,07:15:00,2025-12-17,07:15:00,,,2,N,1,0,2,
SYN-SITE-04,Synthetic Site D,N,SYN-E00104,,Closed,,2025-12-13,15:30:00,2025-12-15,16:30:00,2025-12-15,16:30:00,,,1,Y,1,0,2,
SYN-SITE-03,Synthetic Site C,N,SYN-E00105,,Under Review,,2025-12-01,09:30:00,2025-12-02,10:30:00,2025-12-06,10:30:00,,,1,N,1,0,2,
SYN-SITE-05,Synthetic Site E,N,SYN-E00106,,Under Review,,2025-12-22,17:30:00,2025-12-23,18:30:00,2025-12-24,18:30:00,,,1,N,1,0,1,
SYN-SITE-03,Synthetic Site C,N,SYN-E00107,,Under Review,,2025-12-04,11:00:00,2025-12-04,12:00:00,2025-12-05,12:00:00,,,1,N,1,0,2,
SYN-SITE-03,Synthetic Site C,N,SYN-E00108,,Open,,2025-12-28,14:45:00,2026-01-02,15:45:00,2026-01-04,15:45:00,,,2,N,1,0,2,
SYN-SITE-05,Synthetic Site E,N,SYN-E00109,,Closed,,2025-12-13,17:00:00,2025-12-13,18:00:00,2025-12-16,18:00:00,,,2,N,2,0,3,
SYN-SITE-05,Synthetic Site E,N,SYN-E00110,,Under Review,,2025-12-02,09:00:00,2025-12-04,10:00:00,2025-12-08,10:00:00,,,2,N,3,0,4,
SYN-SITE-05,Synthetic Site E,N,SYN-E00111,,Open,,2025-12-07,11:30:00,2025-12-09,12:30:00,2025-12-13,12:30:00,,,1,N,2,0,2,
SYN-SITE-02,Synthetic Site B,N,SYN-E00112,,Open,,2025-12-21,01:00:00,2025-12-21,02:00:00,2025-12-23,02:00:00,,,1,N,1,0,2,
SYN-SITE-03,Synthetic Site C,N,SYN-E00113,,Under Review,,2025-12-11,12:00:00,2025-12-11,13:00:00,2025-12-13,13:00:00,,,1,N,1,0,1,
SYN-SITE-03,Synthetic Site C,N,SYN-E00114,,Closed,,2025-12-03,02:00:00,2025-12-04,03:00:00,2025-12-04,03:00:00,,,1,N,1,0,1,
SYN-SITE-03,Synthetic Site C,N,SYN-E00115,,Closed,,2025-12-30,05:45:00,2025-12-30,06:45:00,2025-12-30,06:45:00,,,1,Y,0,0,0,
SYN-SITE-01,Synthetic Site A,N,SYN-E00116,,Closed,,2025-12-10,15:00:00,2025-12-11,16:00:00,2025-12-13,16:00:00,,,1,N,1,0,1,
SYN-SITE-02,Synthetic Site B,N,SYN-E00117,,Closed,,2025-12-03,06:00:00,2025-12-03,07:00:00,2025-12-05,07:00:00,,,2,N,1,0,1,
SYN-SITE-05,Synthetic Site E,N,SYN-E00118,,Closed,,2025-12-06,13:00:00,2025-12-07,14:00:00,2025-12-09,14:00:00,,,2,N,1,0,2,
SYN-SITE-01,Synthetic Site A,N,SYN-E00119,,Closed,,2025-12-24,05:30:00,2025-12-24,06:30:00,2025-12-26,06:30:00,,,1,N,1,0,2,
SYN-SITE-05,Synthetic Site E,N,SYN-E00120,,Under Review,,2025-12-19,16:45:00,2025-12-22,17:45:00,2025-12-25,17:45:00,,,1,N,1,0,1,
SYN-SITE-05,Synthetic Site E,N,SYN-E00121,,Closed,,2026-01-25,11:45:00,2026-01-25,12:45:00,2026-01-27,12:45:00,,,1,N,2,0,3,
SYN-SITE-06,Synthetic Site F,N,SYN-E00122,,Closed,,2026-01-03,17:30:00,2026-01-04,18:30:00,2026-01-08,18:30:00,,,1,N,2,0,3,
SYN-SITE-02,Synthetic Site B,N,SYN-E00123,,Closed,,2026-01-23,04:00:00,2026-01-24,05:00:00,2026-01-27,05:00:00,,,2,N,1,0,2,
SYN-SITE-06,Synthetic Site F,N,SYN-E00124,,Closed,,2026-01-18,12:00:00,2026-01-19,13:00:00,2026-01-23,13:00:00,,,2,N,1,0,1,
SYN-SITE-05,Synthetic Site E,N,SYN-E00125,,Closed,,2026-01-09,08:15:00,2026-01-10,09:15:00,2026-01-11,09:15:00,,,2,N,1,0,2,
SYN-SITE-01,Synthetic Site A,N,SYN-E00126,,Closed,,2026-01-28,18:45:00,2026-01-29,19:45:00,2026-01-30,19:45:00,,,1,N,1,0,2,
SYN-SITE-04,Synthetic Site D,N,SYN-E00127,,Closed,,2026-01-14,11:45:00,2026-01-15,12:45:00,2026-01-16,12:45:00,,,2,N,1,0,1,
SYN-SITE-05,Synthetic Site E,N,SYN-E00128,,Open,,2026-01-01,07:00:00,2026-01-04,08:00:00,2026-01-06,08:00:00,,,1,N,1,0,2,
SYN-SITE-03,Synthetic Site C,N,SYN-E00129,,Closed,,2026-01-31,05:45:00,2026-02-01,06:45:00,2026-02-03,06:45:00,,,2,N,3,0,4,
SYN-SITE-04,Synthetic Site D,N,SYN-E00130,,Under Review,,2026-01-09,18:45:00,2026-01-10,19:45:00,2026-01-10,19:45:00,,,1,N,2,0,3,
SYN-SITE-01,Synthetic Site A,N,SYN-E00131,,Under Review,,2026-01-13,13:45:00,2026-01-13,14:45:00,2026-01-14,14:45:00,,,2,Y,3,0,4,
SYN-SITE-02,Synthetic Site B,N,SYN-E00132,,Under Review,,2026-01-06,02:15:00,2026-01-08,03:15:00,2026-01-12,03:15:00,,,2,N,1,0,1,
SYN-SITE-03,Synthetic Site C,N,SYN-E00133,,Closed,,2026-01-05,18:15:00,2026-01-05,19:15:00,2026-01-09,19:15:00,,,1,N,1,0,2,
SYN-SITE-03,Synthetic Site C,N,SYN-E00134,,Closed,,2026-01-18,04:15:00,2026-01-23,05:15:00,2026-01-25,05:15:00,,,1,N,2,0,3,
SYN-SITE-02,Synthetic Site B,N,SYN-E00135,,Closed,,2026-01-12,10:30:00,2026-01-13,11:30:00,2026-01-15,11:30:00,,,1,N,3,0,4,
SYN-SITE-01,Synthetic Site A,N,SYN-E00136,,Closed,,2026-01-11,17:00:00,2026-01-13,18:00:00,2026-01-14,18:00:00,,,1,N,2,0,3,
SYN-SITE-03,Synthetic Site C,N,SYN-E00137,,Under Review,,2026-01-26,08:15:00,2026-01-27,09:15:00,2026-01-31,09:15:00,,,1,Y,1,0,2,
SYN-SITE-02,Synthetic Site B,N,SYN-E00138,,Closed,,2026-01-08,05:00:00,2026-01-10,06:00:00,2026-01-13,06:00:00,,,1,N,0,0,0,
SYN-SITE-01,Synthetic Site A,N,SYN-E00139,,Closed,,2026-01-31,13:45:00,2026-01-31,14:45:00,2026-02-01,14:45:00,,,2,N,1,0,2,
SYN-SITE-01,Synthetic Site A,N,SYN-E00140,,Closed,,2026-01-24,14:00:00,2026-01-26,15:00:00,2026-01-26,15:00:00,,,1,Y,1,0,2,
SYN-SITE-02,Synthetic Site B,N,SYN-E00141,,Open,,2026-01-23,08:30:00,2026-01-23,09:30:00,2026-01-25,09:30:00,,,2,N,2,0,3,
SYN-SITE-01,Synthetic Site A,N,SYN-E00142,,Closed,,2026-01-12,10:30:00,2026-01-15,11:30:00,2026-01-15,11:30:00,,,2,N,1,0,2,
SYN-SITE-01,Synthetic Site A,N,SYN-E00143,,Closed,,2026-01-12,13:15:00,2026-01-14,14:15:00,2026-01-14,14:15:00,,,1,N,2,0,3,
SYN-SITE-03,Synthetic Site C,N,SYN-E00144,,Closed,,2026-01-21,09:30:00,2026-01-24,10:30:00,2026-01-27,10:30:00,,,2,Y,1,0,1,
SYN-SITE-03,Synthetic Site C,N,SYN-E00145,,Open,,2026-01-04,15:45:00,2026-01-05,16:45:00,2026-01-07,16:45:00,,,1,N,1,0,1,
SYN-SITE-06,Synthetic Site F,N,SYN-E00146,,Closed,,2026-01-21,16:45:00,2026-01-22,17:45:00,2026-01-26,17:45:00,,,1,N,1,0,1,
SYN-SITE-03,Synthetic Site C,N,SYN-E00147,,Closed,,2026-01-29,14:00:00,2026-01-29,15:00:00,2026-02-01,15:00:00,,,1,N,1,0,1,
SYN-SITE-02,Synthetic Site B,N,SYN-E00148,,Open,,2026-01-04,10:45:00,2026-01-05,11:45:00,2026-01-07,11:45:00,,,1,N,3,0,3,
SYN-SITE-01,Synthetic Site A,N,SYN-E00149,,Closed,,2026-01-31,20:00:00,2026-02-02,21:00:00,2026-02-05,21:00:00,,,2,Y,2,0,3,
SYN-SITE-05,Synthetic Site E,N,SYN-E00150,,Closed,,2026-01-27,08:45:00,2026-01-27,09:45:00,2026-01-31,09:45:00,,,2,N,1,0,2,
SYN-SITE-06,Synthetic Site F,N,SYN-E00151,,Under Review,,2026-02-02,15:15:00,2026-02-02,16:15:00,2026-02-04,16:15:00,,,2,N,1,0,2,
SYN-SITE-01,Synthetic Site A,N,SYN-E00152,,Closed,,2026-02-09,15:30:00,2026-02-10,16:30:00,2026-02-14,16:30:00,,,2,N,1,0,1,
SYN-SITE-01,Synthetic Site A,N,SYN-E00153,,Closed,,2026-02-20,14:15:00,2026-02-22,15:15:00,2026-02-23,15:15:00,,,1,N,2,0,3,
SYN-SITE-06,Synthetic Site F,N,SYN-E00154,,Open,,2026-02-19,09:15:00,2026-02-20,10:15:00,2026-02-20,10:15:00,,,2,N,1,0,1,
SYN-SITE-01,Synthetic Site A,N,SYN-E00155,,Closed,,2026-02-07,10:00:00,2026-02-08,11:00:00,2026-02-11,11:00:00,,,1,Y,1,0,2,
SYN-SITE-04,Synthetic Site D,N,SYN-E00156,,Open,,2026-02-25,08:30:00,2026-02-26,09:30:00,2026-02-26,09:30:00,,,2,N,1,0,2,
SYN-SITE-02,Synthetic Site B,N,SYN-E00157,,Closed,,2026-02-04,01:00:00,2026-02-07,02:00:00,2026-02-07,02:00:00,,,2,N,2,0,3,
SYN-SITE-05,Synthetic Site E,N,SYN-E00158,,Closed,,2026-02-07,00:15:00,2026-02-07,01:15:00,2026-02-07,01:15:00,,,2,N,2,0,3,
SYN-SITE-01,Synthetic Site A,N,SYN-E00159,,Open,,2026-02-24,14:15:00,2026-02-25,15:15:00,2026-02-25,15:15:00,,,2,N,3,0,4,
SYN-SITE-04,Synthetic Site D,N,SYN-E00160,,Closed,,2026-02-04,18:45:00,2026-02-04,19:45:00,2026-02-08,19:45:00,,,2,N,3,0,4,
SYN-SITE-04,Synthetic Site D,N,SYN-E00161,,Closed,,2026-02-04,06:30:00,2026-02-07,07:30:00,2026-02-11,07:30:00,,,1,N,0,0,0,
SYN-SITE-03,Synthetic Site C,N,SYN-E00162,,Closed,,2026-02-10,11:15:00,2026-02-12,12:15:00,2026-02-13,12:15:00,,,2,N,2,0,3,
SYN-SITE-01,Synthetic Site A,N,SYN-E00163,,Closed,,2026-02-15,15:15:00,2026-02-15,16:15:00,2026-02-18,16:15:00,,,1,N,1,0,2,
SYN-SITE-01,Synthetic Site A,N,SYN-E00164,,Closed,,2026-02-12,14:15:00,2026-02-12,15:15:00,2026-02-14,15:15:00,,,2,N,1,0,2,
SYN-SITE-03,Synthetic Site C,N,SYN-E00165,,Open,,2026-02-13,04:15:00,2026-02-13,05:15:00,2026-02-14,05:15:00,,,1,N,1,0,2,
SYN-SITE-05,Synthetic Site E,N,SYN-E00166,,Closed,,2026-02-16,15:00:00,2026-02-19,16:00:00,2026-02-21,16:00:00,,,1,N,3,0,4,
SYN-SITE-01,Synthetic Site A,N,SYN-E00167,,Closed,,2026-02-28,08:30:00,2026-03-02,09:30:00,2026-03-05,09:30:00,,,1,N,1,0,2,
SYN-SITE-02,Synthetic Site B,N,SYN-E00168,,Closed,,2026-02-16,07:00:00,2026-02-18,08:00:00,2026-02-20,08:00:00,,,2,N,3,0,4,
SYN-SITE-01,Synthetic Site A,N,SYN-E00169,,Closed,,2026-02-15,13:15:00,2026-02-15,14:15:00,2026-02-15,14:15:00,,,2,N,2,0,3,
SYN-SITE-04,Synthetic Site D,N,SYN-E00170,,Under Review,,2026-02-19,15:15:00,2026-02-22,16:15:00,2026-02-24,16:15:00,,,1,N,1,0,1,
SYN-SITE-04,Synthetic Site D,N,SYN-E00171,,Closed,,2026-02-11,05:45:00,2026-02-12,06:45:00,2026-02-16,06:45:00,,,1,N,3,0,4,
SYN-SITE-05,Synthetic Site E,N,SYN-E00172,,Open,,2026-02-12,15:45:00,2026-02-13,16:45:00,2026-02-16,16:45:00,,,2,N,1,0,2,
SYN-SITE-05,Synthetic Site E,N,SYN-E00173,,Closed,,2026-02-16,02:45:00,2026-02-18,03:45:00,2026-02-18,03:45:00,,,2,N,2,0,3,
SYN-SITE-03,Synthetic Site C,N,SYN-E00174,,Open,,2026-02-03,20:45:00,2026-02-05,21:45:00,2026-02-06,21:45:00,,,1,N,1,0,2,
SYN-SITE-03,Synthetic Site C,N,SYN-E00175,,Closed,,2026-02-21,07:00:00,2026-02-21,08:00:00,2026-02-24,08:00:00,,,2,N,1,0,2,
SYN-SITE-06,Synthetic Site F,N,SYN-E00176,,Closed,,2026-02-07,07:15:00,2026-02-07,08:15:00,2026-02-10,08:15:00,,,2,N,3,0,4,
SYN-SITE-01,Synthetic Site A,N,SYN-E00177,,Under Review,,2026-02-08,07:00:00,2026-02-09,08:00:00,2026-02-13,08:00:00,,,1,Y,2,0,3,
SYN-SITE-01,Synthetic Site A,N,SYN-E00178,,Open,,2026-02-17,15:30:00,2026-02-18,16:30:00,2026-02-20,16:30:00,,,1,N,1,0,2,
SYN-SITE-04,Synthetic Site D,N,SYN-E00179,,Closed,,2026-02-05,09:15:00,2026-02-06,10:15:00,2026-02-06,10:15:00,,,1,N,1,0,2,
SYN-SITE-01,Synthetic Site A,N,SYN-E00180,,Open,,2026-02-11,04:15:00,2026-02-12,05:15:00,2026-02-15,05:15:00,,,2,N,1,0,1,
SYN-SITE-02,Synthetic Site B,N,SYN-E00181,,Closed,,2026-02-25,07:45:00,2026-02-27,08:45:00,2026-03-01,08:45:00,,,2,N,1,0,2,
SYN-SITE-01,Synthetic Site A,N,SYN-E00182,,Closed,,2026-02-13,17:45:00,2026-02-15,18:45:00,2026-02-18,18:45:00,,,2,Y,2,0,3,
SYN-SITE-01,Synthetic Site A,N,SYN-E00183,,Closed,,2026-02-09,18:00:00,2026-02-10,19:00:00,2026-02-14,19:00:00,,,1,N,1,0,2,
SYN-SITE-05,Synthetic Site E,N,SYN-E00184,,Closed,,2026-02-24,12:45:00,2026-02-24,13:45:00,2026-02-26,13:45:00,,,1,N,0,0,0,
SYN-SITE-06,Synthetic Site F,N,SYN-E00185,,Under Review,,2026-02-20,18:00:00,2026-02-27,19:00:00,2026-03-01,19:00:00,,,2,N,2,0,2,
SYN-SITE-01,Synthetic Site A,N,SYN-E00186,,Closed,,2026-02-25,02:30:00,2026-02-26,03:30:00,2026-02-26,03:30:00,,,1,N,3,0,4,
SYN-SITE-01,Synthetic Site A,N,SYN-E00187,,Under Review,,2026-02-28,01:15:00,2026-03-03,02:15:00,2026-03-06,02:15:00,,,2,N,1,0,2,
SYN-SITE-04,Synthetic Site D,N,SYN-E00188,,Closed,,2026-02-26,02:45:00,2026-02-27,03:45:00,2026-03-02,03:45:00,,,1,N,2,0,3,
SYN-SITE-02,Synthetic Site B,N,SYN-E00189,,Under Review,,2026-03-04,11:15:00,2026-03-04,12:15:00,2026-03-05,12:15:00,,,2,N,1,0,2,
SYN-SITE-02,Synthetic Site B,N,SYN-E00190,,Under Review,,2026-03-20,11:30:00,2026-03-20,12:30:00,2026-03-24,12:30:00,,,1,N,1,0,1,
SYN-SITE-03,Synthetic Site C,N,SYN-E00191,,Closed,,2026-03-13,18:15:00,2026-03-18,19:15:00,2026-03-18,19:15:00,,,1,N,1,0,2,
SYN-SITE-02,Synthetic Site B,N,SYN-E00192,,Open,,2026-03-08,09:45:00,2026-03-10,10:45:00,2026-03-11,10:45:00,,,1,N,1,0,2,
SYN-SITE-01,Synthetic Site A,N,SYN-E00193,,Closed,,2026-03-26,15:45:00,2026-03-27,16:45:00,2026-03-30,16:45:00,,,1,N,3,0,4,
SYN-SITE-01,Synthetic Site A,N,SYN-E00194,,Closed,,2026-03-24,01:00:00,2026-03-25,02:00:00,2026-03-26,02:00:00,,,1,N,1,0,1,
SYN-SITE-05,Synthetic Site E,N,SYN-E00195,,Open,,2026-03-14,11:00:00,2026-03-15,12:00:00,2026-03-17,12:00:00,,,1,N,1,0,1,
SYN-SITE-01,Synthetic Site A,N,SYN-E00196,,Open,,2026-03-16,13:45:00,2026-03-18,14:45:00,2026-03-19,14:45:00,,,1,N,2,0,3,
SYN-SITE-04,Synthetic Site D,N,SYN-E00197,,Under Review,,2026-03-22,06:15:00,2026-03-23,07:15:00,2026-03-23,07:15:00,,,1,N,1,0,1,
SYN-SITE-05,Synthetic Site E,N,SYN-E00198,,Open,,2026-03-30,19:45:00,2026-04-04,20:45:00,2026-04-05,20:45:00,,,1,N,1,0,2,
SYN-SITE-01,Synthetic Site A,N,SYN-E00199,,Under Review,,2026-03-29,14:15:00,2026-03-29,15:15:00,2026-03-31,15:15:00,,,2,N,3,0,4,
SYN-SITE-01,Synthetic Site A,N,SYN-E00200,,Closed,,2026-03-12,08:00:00,2026-03-15,09:00:00,2026-03-19,09:00:00,,,1,N,2,0,3,
SYN-SITE-03,Synthetic Site C,N,SYN-E00201,,Closed,,2026-03-08,02:00:00,2026-03-08,03:00:00,2026-03-08,03:00:00,,,1,N,2,0,3,
SYN-SITE-03,Synthetic Site C,N,SYN-E00202,,Open,,2026-03-17,04:15:00,2026-03-18,05:15:00,2026-03-20,05:15:00,,,1,Y,1,0,1,
SYN-SITE-05,Synthetic Site E,N,SYN-E00203,,Under Review,,2026-03-04,07:45:00,2026-03-09,08:45:00,2026-03-09,08:45:00,,,2,Y,1,0,2,
SYN-SITE-03,Synthetic Site C,N,SYN-E00204,,Under Review,,2026-03-10,00:15:00,2026-03-12,01:15:00,2026-03-13,01:15:00,,,2,N,3,0,4,
SYN-SITE-04,Synthetic Site D,N,SYN-E00205,,Closed,,2026-03-28,16:45:00,2026-03-31,17:45:00,2026-04-04,17:45:00,,,1,N,1,0,2,
SYN-SITE-01,Synthetic Site A,N,SYN-E00206,,Closed,,2026-03-31,02:30:00,2026-03-31,03:30:00,2026-03-31,03:30:00,,,1,N,2,0,3,
SYN-SITE-02,Synthetic Site B,N,SYN-E00207,,Open,,2026-03-16,07:45:00,2026-03-19,08:45:00,2026-03-23,08:45:00,,,2,N,0,0,0,
SYN-SITE-01,Synthetic Site A,N,SYN-E00208,,Closed,,2026-03-31,00:15:00,2026-03-31,01:15:00,2026-04-03,01:15:00,,,1,Y,1,0,1,
SYN-SITE-01,Synthetic Site A,N,SYN-E00209,,Closed,,2026-03-05,06:00:00,2026-03-06,07:00:00,2026-03-08,07:00:00,,,2,N,3,0,4,
SYN-SITE-02,Synthetic Site B,N,SYN-E00210,,Closed,,2026-03-23,17:30:00,2026-03-23,18:30:00,2026-03-23,18:30:00,,,2,N,1,0,2,
SYN-SITE-01,Synthetic Site A,N,SYN-E00211,,Closed,,2026-03-19,08:15:00,2026-03-19,09:15:00,2026-03-22,09:15:00,,,2,N,1,0,2,
SYN-SITE-04,Synthetic Site D,N,SYN-E00212,,Closed,,2026-03-25,16:45:00,2026-03-26,17:45:00,2026-03-29,17:45:00,,,2,N,1,0,1,
SYN-SITE-02,Synthetic Site B,N,SYN-E00213,,Open,,2026-03-10,03:30:00,2026-03-11,04:30:00,2026-03-11,04:30:00,,,1,N,1,0,2,
SYN-SITE-05,Synthetic Site E,N,SYN-E00214,,Closed,,2026-03-22,04:00:00,2026-03-22,05:00:00,2026-03-23,05:00:00,,,2,N,1,0,1,
SYN-SITE-04,Synthetic Site D,N,SYN-E00215,,Open,,2026-03-09,18:00:00,2026-03-09,19:00:00,2026-03-10,19:00:00,,,1,N,1,0,1,
SYN-SITE-04,Synthetic Site D,N,SYN-E00216,,Open,,2026-03-20,10:15:00,2026-03-22,11:15:00,2026-03-22,11:15:00,,,1,N,1,0,2,
SYN-SITE-01,Synthetic Site A,N,SYN-E00217,,Open,,2026-03-15,08:00:00,2026-03-17,09:00:00,2026-03-17,09:00:00,,,2,Y,1,0,2,
SYN-SITE-03,Synthetic Site C,N,SYN-E00218,,Closed,,2026-03-04,15:15:00,2026-03-04,16:15:00,2026-03-04,16:15:00,,,1,N,3,0,4,
SYN-SITE-02,Synthetic Site B,N,SYN-E00219,,Closed,,2026-03-29,17:30:00,2026-03-30,18:30:00,2026-03-31,18:30:00,,,2,N,1,0,2,
SYN-SITE-02,Synthetic Site B,N,SYN-E00220,,Under Review,,2026-03-11,17:45:00,2026-03-11,18:45:00,2026-03-13,18:45:00,,,1,N,2,0,3,
SYN-SITE-02,Synthetic Site B,N,SYN-E00221,,Open,,2026-03-30,03:45:00,2026-04-06,04:45:00,2026-04-07,04:45:00,,,2,N,1,0,2,
SYN-SITE-03,Synthetic Site C,N,SYN-E00222,,Closed,,2026-03-10,12:00:00,2026-03-10,13:00:00,2026-03-10,13:00:00,,,1,N,1,0,1,
SYN-SITE-06,Synthetic Site F,N,SYN-E00223,,Closed,,2026-03-11,10:45:00,2026-03-11,11:45:00,2026-03-15,11:45:00,,,2,N,1,0,1,
SYN-SITE-03,Synthetic Site C,N,SYN-E00224,,Closed,,2026-03-15,19:45:00,2026-03-15,20:45:00,2026-03-15,20:45:00,,,1,N,1,0,2,
SYN-SITE-01,Synthetic Site A,N,SYN-E00225,,Under Review,,2026-03-27,02:45:00,2026-03-29,03:45:00,2026-04-01,03:45:00,,,1,N,1,0,1,
SYN-SITE-05,Synthetic Site E,N,SYN-E00226,,Closed,,2026-03-29,11:45:00,2026-03-31,12:45:00,2026-04-02,12:45:00,,,1,N,1,0,2,
SYN-SITE-03,Synthetic Site C,N,SYN-E00227,,Closed,,2026-03-14,13:00:00,2026-03-14,14:00:00,2026-03-16,14:00:00,,,2,N,1,0,2,
SYN-SITE-02,Synthetic Site B,N,SYN-E00228,,Closed,,2026-03-15,16:45:00,2026-03-15,17:45:00,2026-03-19,17:45:00,,,1,N,1,0,2,
SYN-SITE-03,Synthetic Site C,N,SYN-E00229,,Closed,,2026-03-13,08:00:00,2026-03-14,09:00:00,2026-03-14,09:00:00,,,2,N,1,0,2,
SYN-SITE-01,Synthetic Site A,N,SYN-E00230,,Closed,,2026-03-26,04:00:00,2026-03-26,05:00:00,2026-03-28,05:00:00,,,1,N,0,0,0,
SYN-SITE-01,Synthetic Site A,N,SYN-E00231,,Closed,,2026-04-22,13:45:00,2026-04-23,14:45:00,2026-04-23,14:45:00,,,2,N,1,0,2,
SYN-SITE-01,Synthetic Site A,N,SYN-E00232,,Under Review,,2026-04-12,02:15:00,2026-04-12,03:15:00,2026-04-13,03:15:00,,,1,N,1,0,1,
SYN-SITE-04,Synthetic Site D,N,SYN-E00233,,Closed,,2026-04-25,10:45:00,2026-04-28,11:45:00,2026-05-01,11:45:00,,,2,N,1,0,1,
SYN-SITE-04,Synthetic Site D,N,SYN-E00234,,Closed,,2026-04-02,08:45:00,2026-04-07,09:45:00,2026-04-07,09:45:00,,,2,N,1,0,2,
SYN-SITE-02,Synthetic Site B,N,SYN-E00235,,Closed,,2026-04-04,01:45:00,2026-04-06,02:45:00,2026-04-10,02:45:00,,,2,Y,1,0,1,
SYN-SITE-03,Synthetic Site C,N,SYN-E00236,,Under Review,,2026-04-01,00:30:00,2026-04-01,01:30:00,2026-04-04,01:30:00,,,2,N,1,0,1,
SYN-SITE-02,Synthetic Site B,N,SYN-E00237,,Under Review,,2026-04-01,06:00:00,2026-04-04,07:00:00,2026-04-04,07:00:00,,,1,N,1,0,2,
SYN-SITE-06,Synthetic Site F,N,SYN-E00238,,Open,,2026-04-26,07:30:00,2026-04-28,08:30:00,2026-04-29,08:30:00,,,2,N,2,0,3,
SYN-SITE-04,Synthetic Site D,N,SYN-E00239,,Open,,2026-04-27,01:15:00,2026-04-28,02:15:00,2026-04-28,02:15:00,,,1,N,1,0,2,
SYN-SITE-01,Synthetic Site A,N,SYN-E00240,,Closed,,2026-04-17,19:45:00,2026-04-22,20:45:00,2026-04-23,20:45:00,,,1,N,1,0,2,
SYN-SITE-05,Synthetic Site E,N,SYN-E00241,,Closed,,2026-04-06,00:45:00,2026-04-06,01:45:00,2026-04-07,01:45:00,,,1,N,1,0,1,
SYN-SITE-01,Synthetic Site A,N,SYN-E00242,,Closed,,2026-04-30,17:15:00,2026-04-30,18:15:00,2026-05-03,18:15:00,,,1,Y,2,0,3,
SYN-SITE-05,Synthetic Site E,N,SYN-E00243,,Under Review,,2026-04-02,09:45:00,2026-04-02,10:45:00,2026-04-02,10:45:00,,,2,N,2,0,3,
SYN-SITE-04,Synthetic Site D,N,SYN-E00244,,Closed,,2026-04-20,06:30:00,2026-04-20,07:30:00,2026-04-21,07:30:00,,,2,N,2,0,3,
SYN-SITE-03,Synthetic Site C,N,SYN-E00245,,Closed,,2026-04-07,18:00:00,2026-04-08,19:00:00,2026-04-08,19:00:00,,,1,Y,2,0,3,
SYN-SITE-01,Synthetic Site A,N,SYN-E00246,,Closed,,2026-04-11,04:00:00,2026-04-11,05:00:00,2026-04-13,05:00:00,,,2,N,1,0,1,
SYN-SITE-04,Synthetic Site D,N,SYN-E00247,,Open,,2026-04-09,18:45:00,2026-04-14,19:45:00,2026-04-18,19:45:00,,,2,N,1,0,1,
SYN-SITE-02,Synthetic Site B,N,SYN-E00248,,Closed,,2026-04-16,13:30:00,2026-04-16,14:30:00,2026-04-18,14:30:00,,,1,N,1,0,2,
SYN-SITE-05,Synthetic Site E,N,SYN-E00249,,Closed,,2026-04-14,16:45:00,2026-04-15,17:45:00,2026-04-15,17:45:00,,,1,N,3,0,4,
SYN-SITE-02,Synthetic Site B,N,SYN-E00250,,Closed,,2026-04-11,15:30:00,2026-04-16,16:30:00,2026-04-19,16:30:00,,,1,N,1,0,1,
SYN-SITE-03,Synthetic Site C,N,SYN-E00251,,Closed,,2026-04-09,08:15:00,2026-04-12,09:15:00,2026-04-14,09:15:00,,,2,Y,1,0,2,
SYN-SITE-01,Synthetic Site A,N,SYN-E00252,,Closed,,2026-04-11,19:30:00,2026-04-11,20:30:00,2026-04-14,20:30:00,,,2,N,2,0,3,
SYN-SITE-01,Synthetic Site A,N,SYN-E00253,,Closed,,2026-04-18,04:15:00,2026-04-18,05:15:00,2026-04-21,05:15:00,,,2,N,0,0,0,
SYN-SITE-02,Synthetic Site B,N,SYN-E00254,,Closed,,2026-04-29,19:45:00,2026-04-30,20:45:00,2026-04-30,20:45:00,,,2,N,1,0,2,
SYN-SITE-05,Synthetic Site E,N,SYN-E00255,,Closed,,2026-04-04,08:30:00,2026-04-04,09:30:00,2026-04-04,09:30:00,,,1,N,2,0,3,
SYN-SITE-01,Synthetic Site A,N,SYN-E00256,,Closed,,2026-04-17,08:45:00,2026-04-17,09:45:00,2026-04-18,09:45:00,,,2,N,1,0,1,
SYN-SITE-02,Synthetic Site B,N,SYN-E00257,,Closed,,2026-04-05,05:00:00,2026-04-07,06:00:00,2026-04-07,06:00:00,,,2,N,2,0,3,
SYN-SITE-03,Synthetic Site C,N,SYN-E00258,,Closed,,2026-04-17,09:45:00,2026-04-17,10:45:00,2026-04-20,10:45:00,,,1,N,2,0,3,
SYN-SITE-01,Synthetic Site A,N,SYN-E00259,,Open,,2026-04-23,13:30:00,2026-04-24,14:30:00,2026-04-28,14:30:00,,,1,N,3,0,3,
SYN-SITE-02,Synthetic Site B,N,SYN-E00260,,Closed,,2026-04-26,06:15:00,2026-04-26,07:15:00,2026-04-27,07:15:00,,,2,N,1,0,1,
SYN-SITE-06,Synthetic Site F,N,SYN-E00261,,Closed,,2026-04-25,18:30:00,2026-04-25,19:30:00,2026-04-28,19:30:00,,,1,Y,1,0,2,
SYN-SITE-01,Synthetic Site A,N,SYN-E00262,,Closed,,2026-04-01,09:30:00,2026-04-01,10:30:00,2026-04-01,10:30:00,,,1,Y,2,0,3,
SYN-SITE-05,Synthetic Site E,N,SYN-E00263,,Open,,2026-04-07,20:45:00,2026-04-07,21:45:00,2026-04-08,21:45:00,,,2,N,1,0,2,
SYN-SITE-01,Synthetic Site A,N,SYN-E00264,,Open,,2026-04-02,02:30:00,2026-04-03,03:30:00,2026-04-07,03:30:00,,,2,N,1,0,1,
SYN-SITE-02,Synthetic Site B,N,SYN-E00265,,Closed,,2026-04-16,13:45:00,2026-04-16,14:45:00,2026-04-19,14:45:00,,,2,Y,1,0,2,
SYN-SITE-02,Synthetic Site B,N,SYN-E00266,,Under Review,,2026-04-18,04:30:00,2026-04-23,05:30:00,2026-04-25,05:30:00,,,1,N,2,0,3,
SYN-SITE-03,Synthetic Site C,N,SYN-E00267,,Closed,,2026-05-19,14:30:00,2026-05-19,15:30:00,2026-05-20,15:30:00,,,1,N,1,0,1,
SYN-SITE-04,Synthetic Site D,N,SYN-E00268,,Closed,,2026-05-27,10:00:00,2026-05-27,11:00:00,2026-05-30,11:00:00,,,1,N,1,0,2,
SYN-SITE-06,Synthetic Site F,N,SYN-E00269,,Under Review,,2026-05-02,01:45:00,2026-05-02,02:45:00,2026-05-02,02:45:00,,,1,N,1,0,2,
SYN-SITE-02,Synthetic Site B,N,SYN-E00270,,Under Review,,2026-05-10,02:30:00,2026-05-10,03:30:00,2026-05-11,03:30:00,,,2,N,3,0,4,
SYN-SITE-05,Synthetic Site E,N,SYN-E00271,,Open,,2026-05-05,13:30:00,2026-05-06,14:30:00,2026-05-08,14:30:00,,,2,N,1,0,1,
SYN-SITE-02,Synthetic Site B,N,SYN-E00272,,Closed,,2026-05-01,08:30:00,2026-05-02,09:30:00,2026-05-05,09:30:00,,,2,N,3,0,4,
SYN-SITE-02,Synthetic Site B,N,SYN-E00273,,Under Review,,2026-05-23,18:30:00,2026-05-28,19:30:00,2026-06-01,19:30:00,,,2,N,1,0,1,
SYN-SITE-02,Synthetic Site B,N,SYN-E00274,,Open,,2026-05-23,14:30:00,2026-05-23,15:30:00,2026-05-25,15:30:00,,,1,N,1,0,1,
SYN-SITE-06,Synthetic Site F,N,SYN-E00275,,Closed,,2026-05-22,16:00:00,2026-05-23,17:00:00,2026-05-27,17:00:00,,,2,N,1,0,2,
SYN-SITE-05,Synthetic Site E,N,SYN-E00276,,Open,,2026-05-13,06:15:00,2026-05-13,07:15:00,2026-05-17,07:15:00,,,2,Y,0,0,0,
SYN-SITE-03,Synthetic Site C,N,SYN-E00277,,Under Review,,2026-05-08,01:15:00,2026-05-15,02:15:00,2026-05-19,02:15:00,,,1,N,1,0,2,
SYN-SITE-02,Synthetic Site B,N,SYN-E00278,,Under Review,,2026-05-09,13:00:00,2026-05-09,14:00:00,2026-05-09,14:00:00,,,1,N,1,0,2,
SYN-SITE-06,Synthetic Site F,N,SYN-E00279,,Closed,,2026-05-03,02:00:00,2026-05-05,03:00:00,2026-05-06,03:00:00,,,1,N,1,0,2,
SYN-SITE-02,Synthetic Site B,N,SYN-E00280,,Closed,,2026-05-13,09:45:00,2026-05-16,10:45:00,2026-05-18,10:45:00,,,2,N,1,0,1,
SYN-SITE-03,Synthetic Site C,N,SYN-E00281,,Closed,,2026-05-04,04:45:00,2026-05-05,05:45:00,2026-05-09,05:45:00,,,2,N,1,0,2,
SYN-SITE-01,Synthetic Site A,N,SYN-E00282,,Closed,,2026-05-26,02:30:00,2026-05-27,03:30:00,2026-05-31,03:30:00,,,1,N,2,0,3,
SYN-SITE-03,Synthetic Site C,N,SYN-E00283,,Closed,,2026-05-29,13:45:00,2026-05-31,14:45:00,2026-06-02,14:45:00,,,1,N,1,0,2,
SYN-SITE-01,Synthetic Site A,N,SYN-E00284,,Closed,,2026-05-15,17:00:00,2026-05-15,18:00:00,2026-05-15,18:00:00,,,2,Y,1,0,2,
SYN-SITE-03,Synthetic Site C,N,SYN-E00285,,Under Review,,2026-05-05,13:30:00,2026-05-05,14:30:00,2026-05-06,14:30:00,,,1,N,1,0,1,
SYN-SITE-02,Synthetic Site B,N,SYN-E00286,,Closed,,2026-05-16,05:15:00,2026-05-17,06:15:00,2026-05-20,06:15:00,,,1,N,3,0,4,
SYN-SITE-06,Synthetic Site F,N,SYN-E00287,,Closed,,2026-05-05,00:30:00,2026-05-06,01:30:00,2026-05-06,01:30:00,,,1,Y,1,0,2,
SYN-SITE-02,Synthetic Site B,N,SYN-E00288,,Under Review,,2026-05-07,01:45:00,2026-05-08,02:45:00,2026-05-11,02:45:00,,,1,N,1,0,2,
SYN-SITE-04,Synthetic Site D,N,SYN-E00289,,Closed,,2026-05-21,00:00:00,2026-05-23,01:00:00,2026-05-25,01:00:00,,,1,N,1,0,2,
SYN-SITE-05,Synthetic Site E,N,SYN-E00290,,Closed,,2026-05-06,01:15:00,2026-05-06,02:15:00,2026-05-07,02:15:00,,,1,N,1,0,2,
SYN-SITE-06,Synthetic Site F,N,SYN-E00291,,Open,,2026-05-23,13:00:00,2026-05-23,14:00:00,2026-05-25,14:00:00,,,2,N,1,0,1,
SYN-SITE-05,Synthetic Site E,N,SYN-E00292,,Closed,,2026-05-31,12:00:00,2026-05-31,13:00:00,2026-06-01,13:00:00,,,2,N,2,0,4,
SYN-SITE-01,Synthetic Site A,N,SYN-E00293,,Open,,2026-05-13,03:30:00,2026-05-13,04:30:00,2026-05-13,04:30:00,,,1,N,1,0,1,
SYN-SITE-02,Synthetic Site B,N,SYN-E00294,,Closed,,2026-05-02,06:00:00,2026-05-02,07:00:00,2026-05-05,07:00:00,,,1,N,1,0,2,
SYN-SITE-02,Synthetic Site B,N,SYN-E00295,,Closed,,2026-05-02,13:15:00,2026-05-04,14:15:00,2026-05-07,14:15:00,,,1,N,2,0,3,
SYN-SITE-04,Synthetic Site D,N,SYN-E00296,,Open,,2026-05-31,17:15:00,2026-05-31,18:15:00,2026-06-02,18:15:00,,,1,N,2,0,2,
SYN-SITE-01,Synthetic Site A,N,SYN-E00297,,Closed,,2026-05-30,06:30:00,2026-06-01,07:30:00,2026-06-03,07:30:00,,,1,Y,1,0,2,
SYN-SITE-02,Synthetic Site B,N,SYN-E00298,,Closed,,2026-05-11,19:45:00,2026-05-11,20:45:00,2026-05-13,20:45:00,,,2,N,1,0,2,
SYN-SITE-05,Synthetic Site E,N,SYN-E00299,,Closed,,2026-05-13,08:45:00,2026-05-13,09:45:00,2026-05-15,09:45:00,,,1,N,0,0,0,
SYN-SITE-03,Synthetic Site C,N,SYN-E00300,,Closed,,2026-05-02,15:45:00,2026-05-03,16:45:00,2026-05-06,16:45:00,,,2,N,1,0,2,
SYN-SITE-01,Synthetic Site A,N,SYN-E00301,,Under Review,,2026-05-05,18:45:00,2026-05-08,19:45:00,2026-05-09,19:45:00,,,1,N,1,0,2,
SYN-SITE-01,Synthetic Site A,N,SYN-E00302,,Under Review,,2026-05-20,00:30:00,2026-05-21,01:30:00,2026-05-21,01:30:00,,,2,N,2,0,3,
SYN-SITE-01,Synthetic Site A,N,SYN-E00303,,Closed,,2026-05-28,13:15:00,2026-05-28,14:15:00,2026-06-01,14:15:00,,,1,N,2,0,3,
SYN-SITE-01,Synthetic Site A,N,SYN-E00304,,Closed,,2026-05-06,10:15:00,2026-05-06,11:15:00,2026-05-10,11:15:00,,,1,N,1,0,1,
SYN-SITE-02,Synthetic Site B,N,SYN-E00305,,Open,,2026-05-01,04:15:00,2026-05-04,05:15:00,2026-05-06,05:15:00,,,1,N,1,0,2,
SYN-SITE-03,Synthetic Site C,N,SYN-E00306,,Open,,2026-05-16,00:30:00,2026-05-21,01:30:00,2026-05-24,01:30:00,,,1,Y,1,0,2,
SYN-SITE-04,Synthetic Site D,N,SYN-E00307,,Closed,,2026-05-21,16:15:00,2026-05-21,17:15:00,2026-05-23,17:15:00,,,1,N,3,0,4,
SYN-SITE-03,Synthetic Site C,N,SYN-E00308,,Open,,2026-05-15,15:30:00,2026-05-17,16:30:00,2026-05-17,16:30:00,,,1,N,2,0,3,
SYN-SITE-05,Synthetic Site E,N,SYN-E00309,,Closed,,2026-05-13,02:30:00,2026-05-15,03:30:00,2026-05-19,03:30:00,,,2,N,3,0,4,
SYN-SITE-05,Synthetic Site E,N,SYN-E00310,,Closed,,2026-05-17,01:45:00,2026-05-18,02:45:00,2026-05-19,02:45:00,,,1,Y,3,0,4,
SYN-SITE-01,Synthetic Site A,N,SYN-E00311,,Under Review,,2026-05-28,08:15:00,2026-05-29,09:15:00,2026-05-29,09:15:00,,,1,N,2,0,3,
SYN-SITE-03,Synthetic Site C,N,SYN-E00312,,Open,,2026-06-19,07:30:00,2026-06-21,08:30:00,2026-06-22,08:30:00,,,1,N,2,0,3,
SYN-SITE-01,Synthetic Site A,N,SYN-E00313,,Closed,,2026-06-03,19:15:00,2026-06-03,20:15:00,2026-06-06,20:15:00,,,1,N,3,0,4,
SYN-SITE-06,Synthetic Site F,N,SYN-E00314,,Closed,,2026-06-24,17:00:00,2026-06-26,18:00:00,2026-06-29,18:00:00,,,2,N,1,0,1,
SYN-SITE-06,Synthetic Site F,N,SYN-E00315,,Closed,,2026-06-04,14:00:00,2026-06-04,15:00:00,2026-06-04,15:00:00,,,1,N,1,0,2,
SYN-SITE-05,Synthetic Site E,N,SYN-E00316,,Closed,,2026-06-03,01:45:00,2026-06-03,02:45:00,2026-06-03,02:45:00,,,2,N,2,0,3,
SYN-SITE-06,Synthetic Site F,N,SYN-E00317,,Open,,2026-06-21,17:00:00,2026-06-24,18:00:00,2026-06-28,18:00:00,,,1,N,3,0,4,
SYN-SITE-02,Synthetic Site B,N,SYN-E00318,,Closed,,2026-06-23,20:15:00,2026-06-24,21:15:00,2026-06-27,21:15:00,,,1,N,1,0,2,
SYN-SITE-03,Synthetic Site C,N,SYN-E00319,,Under Review,,2026-06-05,09:00:00,2026-06-06,10:00:00,2026-06-09,10:00:00,,,1,N,2,0,3,
SYN-SITE-05,Synthetic Site E,N,SYN-E00320,,Closed,,2026-06-15,03:45:00,2026-06-16,04:45:00,2026-06-17,04:45:00,,,2,N,1,0,2,
SYN-SITE-01,Synthetic Site A,N,SYN-E00321,,Closed,,2026-06-14,07:00:00,2026-06-14,08:00:00,2026-06-16,08:00:00,,,2,N,3,0,4,
SYN-SITE-04,Synthetic Site D,N,SYN-E00322,,Closed,,2026-06-22,02:15:00,2026-06-23,03:15:00,2026-06-23,03:15:00,,,2,N,0,0,0,
SYN-SITE-01,Synthetic Site A,N,SYN-E00323,,Open,,2026-06-27,20:30:00,2026-07-02,21:30:00,2026-07-06,21:30:00,,,2,N,1,0,2,
SYN-SITE-06,Synthetic Site F,N,SYN-E00324,,Closed,,2026-06-17,11:15:00,2026-06-22,12:15:00,2026-06-23,12:15:00,,,2,N,2,0,3,
SYN-SITE-02,Synthetic Site B,N,SYN-E00325,,Closed,,2026-06-10,09:30:00,2026-06-11,10:30:00,2026-06-11,10:30:00,,,1,N,1,0,2,
SYN-SITE-05,Synthetic Site E,N,SYN-E00326,,Under Review,,2026-06-20,02:30:00,2026-06-20,03:30:00,2026-06-21,03:30:00,,,2,Y,1,0,2,
SYN-SITE-03,Synthetic Site C,N,SYN-E00327,,Under Review,,2026-06-27,03:45:00,2026-06-28,04:45:00,2026-07-02,04:45:00,,,1,N,1,0,2,
SYN-SITE-02,Synthetic Site B,N,SYN-E00328,,Open,,2026-06-05,18:45:00,2026-06-05,19:45:00,2026-06-08,19:45:00,,,2,N,1,0,2,
SYN-SITE-05,Synthetic Site E,N,SYN-E00329,,Closed,,2026-06-06,12:45:00,2026-06-07,13:45:00,2026-06-08,13:45:00,,,1,N,1,0,2,
SYN-SITE-03,Synthetic Site C,N,SYN-E00330,,Closed,,2026-06-11,09:15:00,2026-06-11,10:15:00,2026-06-13,10:15:00,,,1,N,1,0,2,
SYN-SITE-05,Synthetic Site E,N,SYN-E00331,,Closed,,2026-06-30,17:00:00,2026-07-03,18:00:00,2026-07-07,18:00:00,,,2,N,1,0,2,
SYN-SITE-03,Synthetic Site C,N,SYN-E00332,,Closed,,2026-06-22,08:45:00,2026-06-22,09:45:00,2026-06-24,09:45:00,,,1,N,2,0,3,
SYN-SITE-04,Synthetic Site D,N,SYN-E00333,,Under Review,,2026-06-10,15:00:00,2026-06-10,16:00:00,2026-06-10,16:00:00,,,1,N,2,0,2,
SYN-SITE-02,Synthetic Site B,N,SYN-E00334,,Closed,,2026-06-22,01:45:00,2026-06-22,02:45:00,2026-06-24,02:45:00,,,2,N,1,0,1,
SYN-SITE-06,Synthetic Site F,N,SYN-E00335,,Under Review,,2026-06-14,01:00:00,2026-06-14,02:00:00,2026-06-16,02:00:00,,,2,N,1,0,1,
SYN-SITE-06,Synthetic Site F,N,SYN-E00336,,Open,,2026-06-10,09:00:00,2026-06-11,10:00:00,2026-06-14,10:00:00,,,2,N,1,0,2,
SYN-SITE-01,Synthetic Site A,N,SYN-E00337,,Closed,,2026-06-13,13:15:00,2026-06-13,14:15:00,2026-06-17,14:15:00,,,2,N,1,0,2,
SYN-SITE-01,Synthetic Site A,N,SYN-E00338,,Open,,2026-06-09,03:15:00,2026-06-09,04:15:00,2026-06-13,04:15:00,,,1,N,2,0,3,
SYN-SITE-03,Synthetic Site C,N,SYN-E00339,,Closed,,2026-06-02,03:00:00,2026-06-05,04:00:00,2026-06-06,04:00:00,,,2,N,1,0,1,
SYN-SITE-06,Synthetic Site F,N,SYN-E00340,,Open,,2026-06-20,12:00:00,2026-06-20,13:00:00,2026-06-24,13:00:00,,,1,N,1,0,1,
SYN-SITE-03,Synthetic Site C,N,SYN-E00341,,Closed,,2026-06-25,04:45:00,2026-06-25,05:45:00,2026-06-27,05:45:00,,,1,N,1,0,1,
SYN-SITE-03,Synthetic Site C,N,SYN-E00342,,Open,,2026-06-11,01:15:00,2026-06-13,02:15:00,2026-06-14,02:15:00,,,2,Y,1,0,1,
SYN-SITE-02,Synthetic Site B,N,SYN-E00343,,Closed,,2026-06-13,05:00:00,2026-06-14,06:00:00,2026-06-18,06:00:00,,,1,N,1,0,2,
SYN-SITE-04,Synthetic Site D,N,SYN-E00344,,Closed,,2026-06-30,14:00:00,2026-07-02,15:00:00,2026-07-06,15:00:00,,,2,N,1,0,2,
SYN-SITE-02,Synthetic Site B,N,SYN-E00345,,Closed,,2026-06-01,05:15:00,2026-06-01,06:15:00,2026-06-02,06:15:00,,,2,N,0,0,0,
SYN-SITE-04,Synthetic Site D,N,SYN-E00346,,Open,,2026-06-13,08:00:00,2026-06-14,09:00:00,2026-06-18,09:00:00,,,2,N,1,0,2,
SYN-SITE-04,Synthetic Site D,N,SYN-E00347,,Closed,,2026-06-23,02:00:00,2026-06-25,03:00:00,2026-06-29,03:00:00,,,1,N,3,0,4,
SYN-SITE-06,Synthetic Site F,N,SYN-E00348,,Under Review,,2026-06-07,20:00:00,2026-06-07,21:00:00,2026-06-08,21:00:00,,,2,N,1,0,2,
SYN-SITE-04,Synthetic Site D,N,SYN-E00349,,Under Review,,2026-06-05,11:45:00,2026-06-05,12:45:00,2026-06-06,12:45:00,,,2,N,1,0,1,
SYN-SITE-02,Synthetic Site B,N,SYN-E00350,,Closed,,2026-06-13,00:15:00,2026-06-15,01:15:00,2026-06-16,01:15:00,,,1,N,1,0,2,
SYN-SITE-01,Synthetic Site A,N,SYN-E00351,,Closed,,2026-07-20,01:15:00,2026-07-21,02:15:00,2026-07-22,02:15:00,,,2,N,2,0,3,
SYN-SITE-02,Synthetic Site B,N,SYN-E00352,,Closed,,2026-07-22,16:00:00,2026-07-23,17:00:00,2026-07-23,17:00:00,,,2,N,1,0,2,
SYN-SITE-02,Synthetic Site B,N,SYN-E00353,,Open,,2026-07-16,04:00:00,2026-07-18,05:00:00,2026-07-21,05:00:00,,,1,N,2,0,3,
SYN-SITE-02,Synthetic Site B,N,SYN-E00354,,Under Review,,2026-07-02,04:00:00,2026-07-07,05:00:00,2026-07-07,05:00:00,,,1,N,2,0,3,
SYN-SITE-06,Synthetic Site F,N,SYN-E00355,,Closed,,2026-07-11,15:15:00,2026-07-11,16:15:00,2026-07-12,16:15:00,,,1,N,1,0,2,
SYN-SITE-03,Synthetic Site C,N,SYN-E00356,,Open,,2026-07-23,20:00:00,2026-07-23,21:00:00,2026-07-26,21:00:00,,,1,N,1,0,2,
SYN-SITE-02,Synthetic Site B,N,SYN-E00357,,Open,,2026-07-21,15:30:00,2026-07-22,16:30:00,2026-07-26,16:30:00,,,2,N,2,0,3,
SYN-SITE-05,Synthetic Site E,N,SYN-E00358,,Under Review,,2026-07-25,18:30:00,2026-07-25,19:30:00,2026-07-27,19:30:00,,,2,Y,2,0,3,
SYN-SITE-03,Synthetic Site C,N,SYN-E00359,,Closed,,2026-07-24,04:30:00,2026-07-25,05:30:00,2026-07-25,05:30:00,,,1,N,1,0,2,
SYN-SITE-05,Synthetic Site E,N,SYN-E00360,,Under Review,,2026-07-06,19:15:00,2026-07-06,20:15:00,2026-07-10,20:15:00,,,1,Y,1,0,2,
SYN-SITE-03,Synthetic Site C,N,SYN-E00361,,Closed,,2026-07-27,12:45:00,2026-08-01,13:45:00,2026-08-03,13:45:00,,,1,N,1,0,2,
SYN-SITE-02,Synthetic Site B,N,SYN-E00362,,Closed,,2026-07-03,14:00:00,2026-07-05,15:00:00,2026-07-08,15:00:00,,,1,N,1,0,1,
SYN-SITE-03,Synthetic Site C,N,SYN-E00363,,Closed,,2026-07-07,15:15:00,2026-07-07,16:15:00,2026-07-09,16:15:00,,,2,N,1,0,2,
SYN-SITE-01,Synthetic Site A,N,SYN-E00364,,Closed,,2026-07-23,15:30:00,2026-07-23,16:30:00,2026-07-27,16:30:00,,,1,N,1,0,2,
SYN-SITE-02,Synthetic Site B,N,SYN-E00365,,Under Review,,2026-07-24,19:00:00,2026-07-26,20:00:00,2026-07-30,20:00:00,,,2,N,1,0,2,
SYN-SITE-01,Synthetic Site A,N,SYN-E00366,,Under Review,,2026-07-02,14:15:00,2026-07-05,15:15:00,2026-07-06,15:15:00,,,2,N,1,0,2,
SYN-SITE-01,Synthetic Site A,N,SYN-E00367,,Closed,,2026-07-25,14:15:00,2026-07-27,15:15:00,2026-07-30,15:15:00,,,2,N,3,0,4,
SYN-SITE-02,Synthetic Site B,N,SYN-E00368,,Open,,2026-07-08,12:45:00,2026-07-11,13:45:00,2026-07-13,13:45:00,,,2,Y,0,0,0,
SYN-SITE-02,Synthetic Site B,N,SYN-E00369,,Open,,2026-07-17,00:15:00,2026-07-17,01:15:00,2026-07-21,01:15:00,,,2,Y,1,0,2,
SYN-SITE-06,Synthetic Site F,N,SYN-E00370,,Open,,2026-07-12,07:00:00,2026-07-12,08:00:00,2026-07-15,08:00:00,,,2,Y,1,0,1,
SYN-SITE-05,Synthetic Site E,N,SYN-E00371,,Under Review,,2026-07-08,08:15:00,2026-07-09,09:15:00,2026-07-13,09:15:00,,,2,N,1,0,2,
SYN-SITE-03,Synthetic Site C,N,SYN-E00372,,Closed,,2026-07-07,02:15:00,2026-07-07,03:15:00,2026-07-10,03:15:00,,,2,N,1,0,2,
SYN-SITE-05,Synthetic Site E,N,SYN-E00373,,Closed,,2026-07-04,00:45:00,2026-07-04,01:45:00,2026-07-08,01:45:00,,,1,N,2,0,3,
SYN-SITE-06,Synthetic Site F,N,SYN-E00374,,Under Review,,2026-07-19,02:15:00,2026-07-19,03:15:00,2026-07-21,03:15:00,,,2,N,1,0,1,
SYN-SITE-06,Synthetic Site F,N,SYN-E00375,,Closed,,2026-07-25,11:45:00,2026-07-27,12:45:00,2026-07-30,12:45:00,,,1,N,1,0,2,
SYN-SITE-04,Synthetic Site D,N,SYN-E00376,,Closed,,2026-07-15,11:45:00,2026-07-15,12:45:00,2026-07-17,12:45:00,,,1,N,2,0,3,
SYN-SITE-03,Synthetic Site C,N,SYN-E00377,,Closed,,2026-07-24,13:30:00,2026-07-27,14:30:00,2026-07-30,14:30:00,,,2,N,2,0,3,
SYN-SITE-05,Synthetic Site E,N,SYN-E00378,,Closed,,2026-07-19,08:15:00,2026-07-19,09:15:00,2026-07-20,09:15:00,,,1,N,3,0,4,
SYN-SITE-01,Synthetic Site A,N,SYN-E00379,,Open,,2026-07-02,05:30:00,2026-07-02,06:30:00,2026-07-02,06:30:00,,,1,N,1,0,1,
SYN-SITE-02,Synthetic Site B,N,SYN-E00380,,Closed,,2026-07-17,02:15:00,2026-07-17,03:15:00,2026-07-19,03:15:00,,,1,N,1,0,1,
SYN-SITE-04,Synthetic Site D,N,SYN-E00381,,Closed,,2026-07-26,13:00:00,2026-07-28,14:00:00,2026-07-31,14:00:00,,,1,N,1,0,2,
SYN-SITE-01,Synthetic Site A,N,SYN-E00382,,Under Review,,2026-07-29,14:30:00,2026-08-01,15:30:00,2026-08-04,15:30:00,,,2,N,1,0,1,
SYN-SITE-02,Synthetic Site B,N,SYN-E00383,,Closed,,2026-07-19,20:15:00,2026-07-22,21:15:00,2026-07-23,21:15:00,,,1,N,3,0,4,
SYN-SITE-01,Synthetic Site A,N,SYN-E00384,,Closed,,2026-07-14,13:45:00,2026-07-14,14:45:00,2026-07-18,14:45:00,,,2,N,1,0,2,
SYN-SITE-03,Synthetic Site C,N,SYN-E00385,,Open,,2026-08-29,05:15:00,2026-08-30,06:15:00,2026-09-03,06:15:00,,,1,N,1,0,2,
SYN-SITE-03,Synthetic Site C,N,SYN-E00386,,Open,,2026-08-08,03:15:00,2026-08-09,04:15:00,2026-08-13,04:15:00,,,1,N,1,0,2,
SYN-SITE-04,Synthetic Site D,N,SYN-E00387,,Closed,,2026-08-17,12:00:00,2026-08-17,13:00:00,2026-08-21,13:00:00,,,2,Y,1,0,1,
SYN-SITE-01,Synthetic Site A,N,SYN-E00388,,Closed,,2026-08-26,11:30:00,2026-08-29,12:30:00,2026-08-30,12:30:00,,,2,N,1,0,1,
SYN-SITE-01,Synthetic Site A,N,SYN-E00389,,Closed,,2026-08-22,16:45:00,2026-08-25,17:45:00,2026-08-26,17:45:00,,,1,N,1,0,1,
SYN-SITE-01,Synthetic Site A,N,SYN-E00390,,Under Review,,2026-08-13,03:00:00,2026-08-16,04:00:00,2026-08-16,04:00:00,,,2,N,1,0,1,
SYN-SITE-04,Synthetic Site D,N,SYN-E00391,,Under Review,,2026-08-02,00:45:00,2026-08-02,01:45:00,2026-08-05,01:45:00,,,1,N,0,0,0,
SYN-SITE-06,Synthetic Site F,N,SYN-E00392,,Under Review,,2026-08-16,00:30:00,2026-08-17,01:30:00,2026-08-19,01:30:00,,,2,N,2,0,3,
SYN-SITE-03,Synthetic Site C,N,SYN-E00393,,Closed,,2026-08-25,14:15:00,2026-08-26,15:15:00,2026-08-26,15:15:00,,,2,N,1,0,2,
SYN-SITE-02,Synthetic Site B,N,SYN-E00394,,Under Review,,2026-08-27,12:00:00,2026-08-27,13:00:00,2026-08-30,13:00:00,,,1,N,1,0,2,
SYN-SITE-04,Synthetic Site D,N,SYN-E00395,,Closed,,2026-08-28,14:30:00,2026-08-30,15:30:00,2026-09-02,15:30:00,,,1,Y,1,0,1,
SYN-SITE-04,Synthetic Site D,N,SYN-E00396,,Open,,2026-08-03,15:15:00,2026-08-06,16:15:00,2026-08-10,16:15:00,,,1,N,1,0,2,
SYN-SITE-03,Synthetic Site C,N,SYN-E00397,,Under Review,,2026-08-10,19:15:00,2026-08-12,20:15:00,2026-08-16,20:15:00,,,2,Y,2,0,3,
SYN-SITE-01,Synthetic Site A,N,SYN-E00398,,Closed,,2026-08-20,14:00:00,2026-08-21,15:00:00,2026-08-23,15:00:00,,,1,N,1,0,2,
SYN-SITE-01,Synthetic Site A,N,SYN-E00399,,Closed,,2026-08-17,18:15:00,2026-08-18,19:15:00,2026-08-18,19:15:00,,,2,N,1,0,1,
SYN-SITE-01,Synthetic Site A,N,SYN-E00400,,Closed,,2026-08-27,04:45:00,2026-08-27,05:45:00,2026-08-27,05:45:00,,,1,N,1,0,2,
SYN-SITE-03,Synthetic Site C,N,SYN-E00401,,Open,,2026-08-13,08:00:00,2026-08-18,09:00:00,2026-08-19,09:00:00,,,1,Y,3,0,4,
SYN-SITE-01,Synthetic Site A,N,SYN-E00402,,Open,,2026-08-06,20:30:00,2026-08-06,21:30:00,2026-08-06,21:30:00,,,1,N,1,0,2,
SYN-SITE-04,Synthetic Site D,N,SYN-E00403,,Closed,,2026-08-30,15:30:00,2026-08-31,16:30:00,2026-09-02,16:30:00,,,1,N,1,0,2,
SYN-SITE-01,Synthetic Site A,N,SYN-E00404,,Under Review,,2026-08-04,04:30:00,2026-08-04,05:30:00,2026-08-06,05:30:00,,,2,N,1,0,1,
SYN-SITE-03,Synthetic Site C,N,SYN-E00405,,Closed,,2026-08-17,16:15:00,2026-08-18,17:15:00,2026-08-21,17:15:00,,,1,N,2,0,3,
SYN-SITE-02,Synthetic Site B,N,SYN-E00406,,Closed,,2026-08-22,11:15:00,2026-08-23,12:15:00,2026-08-26,12:15:00,,,2,N,1,0,1,
SYN-SITE-01,Synthetic Site A,N,SYN-E00407,,Under Review,,2026-08-04,01:15:00,2026-08-05,02:15:00,2026-08-05,02:15:00,,,1,N,1,0,1,
SYN-SITE-01,Synthetic Site A,N,SYN-E00408,,Closed,,2026-08-25,11:30:00,2026-08-26,12:30:00,2026-08-28,12:30:00,,,1,N,1,0,2,
SYN-SITE-05,Synthetic Site E,N,SYN-E00409,,Under Review,,2026-08-15,07:00:00,2026-08-17,08:00:00,2026-08-21,08:00:00,,,2,N,1,0,1,
SYN-SITE-03,Synthetic Site C,N,SYN-E00410,,Closed,,2026-08-06,13:45:00,2026-08-06,14:45:00,2026-08-10,14:45:00,,,2,Y,1,0,1,
SYN-SITE-03,Synthetic Site C,N,SYN-E00411,,Open,,2026-08-27,02:15:00,2026-08-27,03:15:00,2026-08-27,03:15:00,,,2,Y,2,0,3,
SYN-SITE-01,Synthetic Site A,N,SYN-E00412,,Closed,,2026-08-28,03:15:00,2026-08-28,04:15:00,2026-08-30,04:15:00,,,2,N,1,0,1,
SYN-SITE-03,Synthetic Site C,N,SYN-E00413,,Open,,2026-08-15,08:00:00,2026-08-17,09:00:00,2026-08-18,09:00:00,,,1,N,1,0,1,
SYN-SITE-02,Synthetic Site B,N,SYN-E00414,,Open,,2026-08-03,17:45:00,2026-08-04,18:45:00,2026-08-06,18:45:00,,,1,N,0,0,0,
SYN-SITE-01,Synthetic Site A,N,SYN-E00415,,Open,,2026-08-18,09:30:00,2026-08-18,10:30:00,2026-08-22,10:30:00,,,2,N,1,0,1,
SYN-SITE-01,Synthetic Site A,N,SYN-E00416,,Under Review,,2026-08-31,05:15:00,2026-08-31,06:15:00,2026-09-01,06:15:00,,,1,N,1,0,2,
SYN-SITE-03,Synthetic Site C,N,SYN-E00417,,Under Review,,2026-08-17,07:45:00,2026-08-18,08:45:00,2026-08-18,08:45:00,,,2,N,1,0,2,
SYN-SITE-04,Synthetic Site D,N,SYN-E00418,,Under Review,,2026-08-14,20:30:00,2026-08-15,21:30:00,2026-08-17,21:30:00,,,1,N,2,0,3,
SYN-SITE-01,Synthetic Site A,N,SYN-E00419,,Closed,,2026-08-08,17:45:00,2026-08-08,18:45:00,2026-08-08,18:45:00,,,1,N,1,0,2,
SYN-SITE-04,Synthetic Site D,N,SYN-E00420,,Closed,,2026-08-01,17:45:00,2026-08-04,18:45:00,2026-08-08,18:45:00,,,1,Y,1,0,1,
