country,sex,rate_2001,rate_2021,percent_change
canada,total,2151.0950000000003,980.864,-54.4016
canada,males,2896.733,1345.77,-53.5418
canada,females,1613.774,676.105,-58.1041
england and wales,total,2541.6659999999997,1002.925,-60.5406
england and wales,males,3546.044,1483.214,-58.1727
england and wales,females,1838.738,614.081,-66.6031
japan,total,688.4639999999999,385.758,-43.9683
japan,males,925.884,577.155,-37.6644
japan,females,520.395,235.918,-54.6656
united states,total,2817.697,1371.8339999999998,-51.3136
united states,males,3691.119,1915.259,-48.1117
united states,females,2220.961,951.645,-57.1517
