PC1,PC2,PLAYER_NAME,TEAM_ABBREVIATION
3.3302607464906138,8.102310137910338,Rudy Gobert,MIN
1.0817908475274294,6.809203942641787,Clint Capela,ATL
-0.7292412251405954,6.502988949072871,Mitchell Robinson,NYK
1.556197880242152,6.171054365178112,Nic Claxton,BKN
1.3434444973908684,6.157265677742513,Mark Williams,CHA
0.6598582010559985,6.150650557456157,Daniel Gafford,DAL
0.7932477167279993,6.03094990927155,Jakob Poeltl,TOR
-0.7057159317251765,5.94455179667114,Dereck Lively II,DAL
2.9599722228228673,5.821915625998324,Jarrett Allen,CLE
2.3964869632729418,5.706968972878776,Jalen Duren,DET
6.291020976839968,-3.6804021190646505,Stephen Curry,GSW
7.750377134522079,-3.4488290671835076,Trae Young,ATL
4.749105973094502,-3.236447258994952,Anfernee Simons,POR
2.4559372626906697,-2.9625119737135086,Klay Thompson,GSW
0.8812845305628461,-2.800907116171999,Duncan Robinson,MIA
-1.6958846814371482,-2.772186415528379,Sam Merrill,CLE
2.649981490996491,-2.7283053807459656,Bogdan Bogdanović,ATL
6.424731469638569,-2.6994105220620717,Damian Lillard,MIL
0.351696955804041,-2.679254373539819,Luke Kennard,MEM
1.018289601925723,-2.6373078723615255,Tim Hardaway Jr.,DAL
