,PC1_loading,PC2_loading
MIN,0.9207483116684595,-0.038806896560862836
PTS,0.9781627018332254,-0.07607317679653439
FGM,0.9712856054693206,0.003450914353548527
FGA,0.9607024708605733,-0.16583138692030847
FG_PCT,0.16625051654728518,0.7293301808695335
FG3M,0.6297085291066188,-0.6411362888655789
FG3A,0.6382800538925021,-0.6494881211786401
FG3_PCT,0.17902668697739377,-0.6155473490911527
FTM,0.8928437106349312,0.037543344106006786
FTA,0.8862258041467717,0.12746460511421814
FT_PCT,0.3118948134699156,-0.5331219696283466
OREB,0.2847183060013654,0.8661660357801575
DREB,0.7359752617550606,0.5422847383369296
REB,0.6426807529919752,0.6871425744653961
AST,0.771779573865003,-0.20938388356323812
STL,0.6689958970852377,-0.07832428871772795
BLK,0.34740358254819187,0.6533796446746085
TOV,0.8937786303706107,-0.008045451291941497
