PLAYER_NAME,TEAM_ABBREVIATION,GP,MIN,D2
Giannis Antetokounmpo,MIL,73,35.2,141.80653838950047
Luke Kornet,BOS,63,15.6,104.89315109211921
Victor Wembanyama,SAS,71,29.7,102.67984245103902
Joel Embiid,PHI,39,33.6,94.95189601877543
Drew Eubanks,PHX,75,15.6,79.7032518049273
Shai Gilgeous-Alexander,OKC,75,34.0,69.2159471761407
Mouhamadou Gueye,TOR,11,10.9,62.597583234000865
Mitchell Robinson,NYK,31,24.8,59.87295072966558
Marcus Smart,MEM,20,30.2,59.590767271568524
Luka Dončić,DAL,70,37.5,59.39469400083849
Deandre Ayton,POR,55,32.4,58.86249548016935
Trae Young,ATL,54,36.0,58.83642627215039
Tyrese Haliburton,IND,69,32.2,58.48061022684789
Nikola Jokić,DEN,79,34.6,57.82090435401488
DeMar DeRozan,CHI,79,37.8,54.73525798123218
Jimmy Butler III,MIA,60,34.0,52.38109919509637
Domantas Sabonis,SAC,82,35.7,49.8973392690095
Clint Capela,ATL,73,25.8,45.863906412927264
Gabe Vincent,LAL,11,19.8,45.74896656913231
Damian Lillard,MIL,73,35.3,45.268790421119405
Zion Williamson,NOP,70,31.5,44.9768562550847
Rudy Gobert,MIN,76,34.1,44.126029348347096
Brook Lopez,MIL,79,30.5,42.65235141269043
Nikola Vučević,CHI,76,34.3,42.120233340838
LaMelo Ball,CHA,22,32.3,40.954567244149246
Ben Simmons,BKN,15,23.9,40.79968407130535
Scoot Henderson,POR,62,28.5,40.27974480630702
Lauri Markkanen,UTA,55,33.1,39.68239093956944
Charles Bassey,SAS,19,10.8,39.35693415294533
Saddiq Bey,ATL,63,32.7,39.09799158629838
James Harden,LAC,72,34.3,38.99563870736765
Paolo Banchero,ORL,80,35.0,37.634204122300105
De'Aaron Fox,SAC,74,35.9,36.8201560118825
Stephen Curry,GSW,74,32.7,36.69627120086742
Anthony Davis,LAL,76,35.5,36.65824499999867
Kevin Durant,PHX,75,37.2,36.4165980390576
Jalen Duren,DET,61,29.1,35.95332313198035
Jericho Sims,NYK,45,13.0,35.51997748336755
Andre Drummond,CHI,79,17.1,34.971703129481526
Chet Holmgren,OKC,82,29.4,34.5748815696885
Bam Adebayo,MIA,71,34.0,33.343452249989134
Fred VanVleet,HOU,73,36.8,32.39278633244399
Scotty Pippen Jr.,MEM,21,25.1,32.32479479925393
Josh Hart,NYK,81,33.4,32.17001413074169
Tristan Thompson,CLE,49,11.2,31.96464497741154
Tyus Jones,WAS,66,29.3,31.286339859282712
Trey Jemison III,MEM,25,23.0,31.251242658224964
Jaxson Hayes,LAL,70,12.5,31.196807747569526
Karl-Anthony Towns,MIN,62,32.7,31.0347950219989
Draymond Green,GSW,55,27.1,30.51178845065021
Jaren Jackson Jr.,MEM,66,32.2,30.440535993939715
Jalen Brunson,NYK,77,35.4,29.754633717718264
Ibou Badji,POR,22,10.3,29.445499663047272
Marques Bolden,CHA,11,11.0,29.34065584532031
Mark Williams,CHA,19,26.8,29.281350202332554
Walker Kessler,UTA,64,23.3,29.27472607280035
Jerami Grant,POR,54,33.9,29.154844028362383
LeBron James,LAL,71,35.3,29.05304990430315
Devin Booker,PHX,68,36.0,29.032596655234578
Tyrese Maxey,PHI,70,37.5,28.94324395240473
Nic Claxton,BKN,71,29.8,28.663532560007535
Jarrett Allen,CLE,77,31.7,28.529011439989237
Daniel Gafford,DAL,74,24.5,28.25238055034505
Julius Randle,NYK,46,35.4,27.653052832398853
Dwight Powell,DAL,63,13.3,27.603879143229626
Isaiah Hartenstein,NYK,75,25.3,27.290218927506654
Kawhi Leonard,LAC,68,34.3,27.214001040318042
Justin Minaya,POR,34,11.2,27.183695275885995
Kristaps Porziņģis,BOS,57,29.6,26.745163355822438
Jusuf Nurkić,PHX,76,27.3,26.416353210814073
Kyrie Irving,DAL,58,35.0,26.0807189139836
Paul George,LAC,74,33.8,26.001355428004793
Dereck Lively II,DAL,55,23.5,25.158166385228593
Joe Harris,DET,16,10.6,25.12858123673692
Nick Richards,CHA,67,26.2,25.124070205657947
OG Anunoby,NYK,50,34.0,24.904659143101007
CJ McCollum,NOP,66,32.7,24.79877425337595
Jaylen Brown,BOS,70,33.5,24.56670139792602
Matisse Thybulle,POR,65,22.9,24.52444171385948
Armoni Brooks,BKN,10,10.4,24.413991191502348
Kyle Kuzma,WAS,70,32.6,24.30218067631592
Thaddeus Young,PHX,33,13.3,24.14090270676876
Pascal Siakam,IND,80,33.2,24.02843653014526
Aaron Gordon,DEN,73,31.5,23.860804559867706
T.J. McConnell,IND,71,18.2,23.791207321943094
Alperen Sengun,HOU,63,32.5,23.471270998144664
Mike Conley,MIN,76,28.9,23.35405084058576
Anfernee Simons,POR,46,34.4,23.304359607919995
Bismack Biyombo,OKC,40,19.8,23.243050724066254
Kobe Bufkin,ATL,17,11.5,23.239641857079118
Tari Eason,HOU,22,21.8,23.143964962778522
Myles Turner,IND,77,27.0,23.111625422089723
Alex Caruso,CHI,71,28.7,22.97647072986487
Kevin Love,MIA,55,16.8,22.81509471793697
Donovan Mitchell,CLE,55,35.3,22.5577887897679
Jalen Green,HOU,82,31.7,22.371893172850296
Grayson Allen,PHX,75,33.5,22.2465753033386
Jayson Tatum,BOS,74,35.7,22.01522658978685
DeAndre Jordan,DEN,36,11.0,21.82404471020135
Jamal Murray,DEN,59,31.5,21.762901542574944
Tobias Harris,PHI,70,33.8,21.67686713732293
Chris Paul,GSW,58,26.4,21.562504892656275
Jordan Clarkson,UTA,55,30.6,21.537428863131268
Darius Garland,CLE,57,33.3,21.418707751358625
Nathan Mensah,CHA,25,12.3,21.39052434775174
Kevon Looney,GSW,74,16.1,21.337980081663055
Evan Fournier,DET,32,18.1,21.116240456760927
Cory Joseph,GSW,26,11.4,20.990237954193496
Cade Cunningham,DET,62,33.5,20.954143484379525
Taj Gibson,DET,20,10.2,20.933623185581034
Theo Maledon,PHX,17,12.5,20.931024525022707
Donte DiVincenzo,NYK,81,29.1,20.785023281498702
Ivica Zubac,LAC,68,26.4,20.68451596652616
Robert Covington,PHI,29,16.8,20.639762807000466
Anthony Edwards,MIN,79,35.1,20.493026488954595
Terry Rozier,MIA,61,33.4,20.447825668202363
Scottie Barnes,TOR,60,34.9,20.12640526832328
Moritz Wagner,ORL,80,17.7,20.016515871739283
Jeff Dowtin Jr.,PHI,12,11.8,19.969822336920803
Jalen Johnson,ATL,56,33.7,19.492875173239497
Bol Bol,PHX,43,10.9,19.39073202276565
Trayce Jackson-Davis,GSW,68,16.6,19.359849677141714
Jarred Vanderbilt,LAL,29,20.0,19.34052401981211
Cam Thomas,BKN,66,31.4,19.318578190346653
Day'Ron Sharpe,BKN,61,15.1,19.00681953877698
Vasilije Micic,CHA,60,19.6,18.959842426915085
Franz Wagner,ORL,72,32.5,18.943694352425332
Onyeka Okongwu,ATL,55,25.5,18.756083252614843
Isaiah Jackson,IND,60,12.8,18.754396980075867
P.J. Tucker,LAC,31,15.7,18.692497971963252
Jakob Poeltl,TOR,50,26.4,18.576777720142317
Luke Kennard,MEM,39,25.6,18.562809565179528
Matt Ryan,NOP,28,13.9,18.434653816158743
Michael Porter Jr.,DEN,81,31.7,18.346166355099232
Trey Murphy III,NOP,57,29.7,18.232978942273302
P.J. Washington,DAL,73,30.4,17.885153857870314
Jaden Ivey,DET,77,28.8,17.82257062960038
Jalen Williams,OKC,71,31.3,17.79790830630192
Thomas Bryant,MIA,38,11.6,17.79727132019451
De'Anthony Melton,PHI,38,26.9,17.759935934838776
Gary Trent Jr.,TOR,71,28.1,17.73451309630678
Mason Plumlee,LAC,46,14.7,17.70910889656667
Tyler Herro,MIA,42,33.5,17.67016387423974
Bradley Beal,PHX,53,33.3,17.66238028497418
Killian Hayes,DET,42,24.0,17.64898045735134
Tre Jones,SAS,77,27.8,17.554217046250475
Bobby Portis,MIL,82,24.5,17.48791409957006
Ish Smith,CHA,43,17.2,17.45991047394749
Spencer Dinwiddie,LAL,76,28.3,17.4597395075919
Russell Westbrook,LAC,68,22.5,17.427985886973303
Xavier Tillman,BOS,54,18.0,17.3934829301942
Patty Mills,MIA,32,13.0,17.297229319392095
Sidy Cissoko,SAS,12,11.7,17.27370325457678
Miles Bridges,CHA,69,37.4,17.24529266614154
Zach LaVine,CHI,25,34.9,17.23931521808463
Ashton Hagans,POR,19,16.6,17.168778886773005
Neemias Queta,BOS,28,11.9,17.11613057604562
Sam Merrill,CLE,61,17.5,17.112942348072124
RJ Barrett,TOR,58,31.7,17.082736421119087
Marvin Bagley III,WAS,50,21.1,17.057726570378637
Shaedon Sharpe,POR,32,33.1,16.945619967521132
Evan Mobley,CLE,50,30.6,16.79250304209761
Keyonte George,UTA,75,27.0,16.692011500376847
Malcolm Brogdon,POR,39,28.7,16.578632278809653
Herbert Jones,NOP,76,30.5,16.46364010452388
Derrick White,BOS,73,32.6,16.440190334494087
Doug McDermott,IND,64,14.1,16.256925543974944
Markelle Fultz,ORL,43,21.2,16.242585089376586
Kenrich Williams,OKC,69,14.9,16.190863639806135
D'Angelo Russell,LAL,76,32.7,16.182305913368886
Kentavious Caldwell-Pope,DEN,76,31.6,16.1820657625867
Gary Payton II,GSW,44,15.5,16.065390743096586
Brice Sensabaugh,UTA,32,18.3,15.853809950211524
Jordan Poole,WAS,78,30.1,15.772548145600432
Trent Forrest,ATL,38,10.9,15.704369618781655
Jacob Gilyard,BKN,41,17.0,15.67633006981432
Collin Sexton,UTA,78,26.6,15.585997135871278
Jalen Suggs,ORL,75,27.0,15.570743045806946
Vince Williams Jr.,MEM,52,27.6,15.493769882293936
Klay Thompson,GSW,77,29.7,15.445891594903875
Bruno Fernando,ATL,45,15.2,15.424542001900274
Jaden McDaniels,MIN,72,29.2,15.406834151324906
Al Horford,BOS,65,26.8,15.396933815926754
Malik Beasley,MIL,79,29.6,15.394245757436481
Ausar Thompson,DET,63,25.1,15.332652478395445
Jared Rhoden,DET,17,14.4,15.320593238370698
Otto Porter Jr.,TOR,15,11.6,15.245030662253873
Desmond Bane,MEM,42,34.4,15.160532519361055
Jared Butler,WAS,40,14.1,15.147683210246061
Tim Hardaway Jr.,DAL,79,26.8,15.110870914655573
Obi Toppin,IND,82,21.1,15.076438189538063
Keegan Murray,SAC,77,33.6,14.897475808369137
Cody Martin,CHA,28,26.9,14.84665895214357
Bennedict Mathurin,IND,59,26.1,14.831874166567907
Jevon Carter,CHI,72,13.9,14.816986977641857
Devonte' Graham,SAS,23,13.6,14.715920627525422
Brandon Miller,CHA,74,32.2,14.684344477702435
Rui Hachimura,LAL,68,26.8,14.623918844910495
Jalen Smith,IND,61,17.2,14.392447620324791
Naz Reid,MIN,81,24.2,14.368607539477425
Bogdan Bogdanović,ATL,79,30.4,14.312535813821384
John Collins,UTA,68,28.0,14.209948899328388
Kelly Oubre Jr.,PHI,68,30.2,14.149680983662783
Goga Bitadze,ORL,62,15.4,14.126821937959994
Corey Kispert,WAS,80,25.8,14.11782802410939
Chimezie Metu,DET,51,16.8,14.079203044087057
Jake LaRavia,MEM,35,23.0,13.948111580134885
Jabari Smith Jr.,HOU,76,31.9,13.931287970485874
Amen Thompson,HOU,62,22.4,13.915563845977697
Dejounte Murray,ATL,78,35.7,13.906176775231412
Jeremy Sochan,SAS,74,29.6,13.885890574476669
Jose Alvarado,NOP,56,18.4,13.864352354342257
Rayan Rupert,POR,39,16.2,13.733999440456905
Larry Nance Jr.,NOP,61,19.9,13.653553961773309
Caris LeVert,CLE,68,28.8,13.643341945378037
Nick Smith Jr.,CHA,51,14.3,13.635084497629554
Delon Wright,MIA,47,15.8,13.592106331408123
Andrew Nembhard,IND,68,25.0,13.584914212600523
Mike Muscala,OKC,53,11.3,13.561891778206451
Dyson Daniels,NOP,61,22.3,13.488127187443183
Kelly Olynyk,TOR,78,22.5,13.46081937545533
Alec Burks,NYK,66,18.4,13.358381483800521
Santi Aldama,MEM,61,26.5,13.159925572892764
Sam Hauser,BOS,79,22.0,13.044020574927522
Johnny Davis,WAS,50,12.3,13.006283066162
Svi Mykhailiuk,BOS,41,10.1,12.8897999223033
Johnny Juzang,UTA,20,18.6,12.800352006630089
Danté Exum,DAL,55,19.8,12.782888686784501
Jrue Holiday,BOS,69,32.8,12.780793296730014
Kyle Lowry,PHI,60,28.2,12.77757377466756
Kyle Anderson,MIN,79,22.6,12.728461859562234
James Wiseman,DET,63,17.3,12.714031399375344
Stanley Umude,DET,24,12.8,12.704867570011055
Ochai Agbaji,TOR,78,21.0,12.704531145487234
Malik Monk,SAC,72,26.0,12.693712748878553
Gary Harris,ORL,54,24.0,12.650616279034661
Paul Reed,PHI,82,19.4,12.632408309615677
Coby White,CHI,79,36.5,12.62603165136315
Jabari Walker,POR,72,23.6,12.588311857358363
Dennis Schröder,BKN,80,31.1,12.537814379248335
Yuta Watanabe,MEM,34,13.7,12.514961240702332
Taurean Prince,LAL,78,27.0,12.480994146328147
Dean Wade,CLE,54,20.5,12.389452938439916
Jaylen Nowell,DET,13,16.4,12.388436824711189
Deni Avdija,WAS,75,30.1,12.304782358328604
Isaiah Stewart,DET,46,30.9,12.25124679496222
Harrison Barnes,SAC,82,29.0,12.246478202660635
Immanuel Quickley,TOR,68,29.2,12.203443461588229
Max Strus,CLE,70,32.0,12.195528013357437
Tristan Vukcevic,WAS,10,15.3,12.118624279091648
Josh Okogie,PHX,60,16.0,12.09338146433326
Dorian Finney-Smith,BKN,68,28.4,12.046453952992833
Brandin Podziemski,GSW,74,26.6,12.01758817548068
Trevelin Queen,ORL,14,11.8,11.799970454186205
Brandon Ingram,NOP,64,32.9,11.745500197983949
Jalen McDaniels,TOR,50,10.8,11.70492785833957
GG Jackson,MEM,48,25.7,11.619892676200557
Bilal Coulibaly,WAS,63,27.2,11.590040136884648
JT Thor,CHA,63,12.4,11.58433338006224
Kris Murray,POR,62,21.7,11.583613539496207
Duncan Robinson,MIA,68,28.0,11.554762150737378
Jonas Valančiūnas,NOP,82,23.5,11.516873763044046
Isaac Okoro,CLE,69,27.3,11.452797912281328
Payton Pritchard,BOS,82,22.3,11.440803940481064
Christian Wood,LAL,50,17.4,11.406483305428184
Cam Whitmore,HOU,47,18.7,11.30479988721936
Jarace Walker,IND,33,10.3,11.274496390964286
Jordan McLaughlin,MIN,56,11.2,11.147277146645305
Nikola Jović,MIA,46,19.5,11.145833243172598
Jontay Porter,TOR,26,13.8,11.08026579966522
Khris Middleton,MIL,55,27.0,11.03873488938723
Bojan Bogdanovic,NYK,57,25.9,11.032747519598962
Jordan Goodwin,MEM,57,18.5,10.981292646446471
Royce O'Neale,PHX,79,24.7,10.949057647191037
Josh Giddey,OKC,80,25.1,10.91246403097867
Buddy Hield,PHI,84,25.7,10.866142633936677
Lamar Stevens,MEM,38,14.7,10.77373570676171
AJ Green,MIL,56,11.0,10.664958431842205
Jonathan Isaac,ORL,58,15.8,10.603794641343988
Nicolas Batum,PHI,60,25.5,10.590584046241492
Norman Powell,LAC,76,26.2,10.538504314778887
Toumani Camara,POR,70,24.8,10.525729691499897
Aaron Wiggins,OKC,78,15.7,10.412461721123274
Simone Fontecchio,DET,66,24.9,10.37458146917754
Devin Vassell,SAS,68,33.1,10.342906346403531
Terance Mann,LAC,75,25.0,10.268919340140716
Precious Achiuwa,NYK,74,21.9,10.203878298489247
Andrew Wiggins,GSW,71,27.0,10.137937936945573
De'Andre Hunter,ATL,57,29.5,10.081557488770917
Tosan Evbuomwan,DET,17,21.6,10.054814427731868
Gradey Dick,TOR,60,21.1,10.048359032157524
Oshae Brissett,BOS,55,11.5,10.038365334592438
KJ Martin,PHI,60,12.4,10.027667261418108
Marcus Morris Sr.,CLE,49,16.7,9.981355631021227
Isaiah Livers,DET,23,20.4,9.930893740787916
Justin Champagnie,WAS,15,15.7,9.873166643949604
Skylar Mays,LAL,38,11.4,9.813274184770007
Patrick Baldwin Jr.,WAS,38,13.0,9.802326996280664
Jaden Springer,BOS,49,10.3,9.711068520846682
Lester Quinones,GSW,37,10.7,9.69364407929222
Wesley Matthews,ATL,36,11.5,9.566653231065121
Tre Mann,CHA,41,24.1,9.510252673257515
Maxi Kleber,DAL,43,20.3,9.490121574849637
Jalen Wilson,BKN,43,15.5,9.465863545654486
Trey Lyles,SAC,58,20.0,9.443097762613679
Austin Reaves,LAL,82,32.1,9.406638801130548
Derrick Rose,MEM,24,16.6,9.374593512749252
Luguentz Dort,OKC,79,28.4,9.36362488061599
Ayo Dosunmu,CHI,76,29.1,9.312136454581719
Patrick Williams,CHI,43,27.3,9.311575233438631
Jonathan Kuminga,GSW,74,26.3,9.30738468389014
Cam Reddish,LAL,48,20.5,9.258321271072044
Malachi Flynn,DET,69,12.7,9.17861241924847
Davion Mitchell,SAC,72,15.3,9.122116055081154
Jordan Nwora,TOR,52,13.7,9.115886779526848
Dominick Barlow,SAS,33,12.7,9.08598787057116
Mo Bamba,PHI,57,13.0,9.049242139848907
Julian Strawther,DEN,50,10.9,9.037218624703975
Cason Wallace,OKC,82,20.6,8.954984212731325
Brandon Boston,LAC,32,10.8,8.95274327008643
Pat Connaughton,MIL,76,22.1,8.933729021902337
Monté Morris,MIN,33,14.4,8.890779196162919
Josh Richardson,MIA,43,25.6,8.836561520819526
John Konchar,MEM,55,21.3,8.80743910858711
Malaki Branham,SAS,75,21.3,8.787445443540856
Blake Wesley,SAS,61,14.4,8.67420878395611
Wendell Carter Jr.,ORL,55,25.6,8.64837507372874
Vít Krejčí,ATL,22,24.6,8.642780699917662
Gordon Hayward,OKC,51,24.4,8.625898770712114
Dalano Banton,POR,54,19.4,8.553217104844364
Dillon Brooks,HOU,72,30.9,8.53394805090398
Ziaire Williams,MEM,51,20.3,8.41352371239381
Javon Freeman-Liberty,TOR,22,18.3,8.40310368657279
Jaime Jaquez Jr.,MIA,75,28.2,8.392026312835222
Richaun Holmes,WAS,40,13.9,8.347562794551449
Leaky Black,CHA,26,10.9,8.342985609176473
Kris Dunn,UTA,66,18.9,8.307766794147653
Ben Sheppard,IND,57,14.3,8.277331572322986
Jaylin Williams,OKC,69,13.0,8.227767021321716
Omer Yurtseven,UTA,48,11.4,8.182911520219783
Bruce Brown,TOR,67,27.8,8.087680459216099
Caleb Houstan,ORL,59,13.8,8.043702531090393
Jock Landale,HOU,56,13.6,7.993203083176364
Eric Gordon,PHX,68,27.8,7.958991578141428
Dennis Smith Jr.,BKN,56,18.9,7.94953505341973
Garrison Mathews,ATL,66,15.0,7.918756008061777
Talen Horton-Tucker,UTA,51,19.8,7.878795052245861
Ousmane Dieng,OKC,33,11.1,7.866544256062408
Mikal Bridges,BKN,82,34.8,7.860821944103093
Peyton Watson,DEN,80,18.6,7.788612781964222
Trendon Watford,BKN,63,13.6,7.752999188084906
Davis Bertans,CHA,43,15.7,7.749837805869245
Troy Brown Jr.,DET,59,14.0,7.694131075195806
Isaiah Joe,OKC,78,18.5,7.671266997002052
Miles McBride,NYK,68,19.5,7.651833827923769
Kevin Huerter,SAC,64,24.4,7.475341502957075
Micah Potter,UTA,16,11.6,7.466952903582692
Lonnie Walker IV,BKN,58,17.4,7.45221410458544
Zach Collins,SAS,69,22.1,7.444907464371558
Daniel Theis,LAC,60,16.9,7.421599405243979
Garrett Temple,TOR,27,10.7,7.377736428939983
Dalen Terry,CHI,59,11.5,7.359517804814368
Nassir Little,PHX,45,10.2,7.352330016016884
Danilo Gallinari,MIL,49,12.8,7.302599088957615
T.J. Warren,MIN,11,11.3,7.180104378287096
Shake Milton,NYK,48,12.1,7.169279431885545
Jae Crowder,MIL,50,23.1,7.166217659661496
Anthony Black,ORL,69,16.9,7.099473531328758
Christian Braun,DEN,82,20.2,7.076567949582703
Amir Coffey,LAC,70,20.9,7.005799997225161
Taylor Hendricks,UTA,40,21.4,6.998361688603422
Onuralp Bitim,CHI,23,11.7,6.966695017380811
Justin Holiday,DEN,58,14.9,6.938205847708615
Cedi Osman,SAS,72,17.6,6.917540188352661
Reggie Jackson,DEN,82,22.2,6.868881487061979
Josh Green,DAL,57,26.4,6.792272440619151
Quentin Grimes,DET,51,20.1,6.78523666890684
Keon Ellis,SAC,57,17.2,6.740350791725235
Joe Ingles,ORL,68,17.2,6.700805200066891
Georges Niang,CLE,82,22.3,6.694579573207402
Kevin Knox II,DET,31,18.1,6.681503711974007
Cameron Johnson,BKN,58,27.6,6.586597237460963
Keldon Johnson,SAS,69,29.5,6.5859282311519145
David Roddy,PHX,65,18.1,6.3543763054177305
Duop Reath,POR,68,17.9,6.185197160725812
Torrey Craig,CHI,53,19.8,6.1637117206423575
Aaron Nesmith,IND,72,27.7,6.021478497794222
Bones Hyland,LAC,37,14.6,6.0165061507939095
Aleksej Pokusevski,CHA,28,14.5,6.003068397604306
Dario Šarić,GSW,64,17.2,5.970393040771932
Craig Porter Jr.,CLE,51,12.7,5.88385499730373
Grant Williams,CHA,76,28.0,5.869064203658276
Seth Curry,CHA,44,14.0,5.793754151252602
Max Christie,LAL,67,14.1,5.777559398657392
Haywood Highsmith,MIA,66,20.7,5.713629260759481
Jeff Green,HOU,78,16.8,5.583894503577251
Chris Boucher,TOR,50,14.1,5.5482652254853
Danuel House Jr.,PHI,34,15.0,5.539454943806549
MarJon Beauchamp,MIL,48,12.7,5.442844595830598
Caleb Martin,MIA,64,27.4,5.430243997681679
Sasha Vezenkov,SAC,42,12.2,5.144484336822408
Andre Jackson Jr.,MIL,57,10.0,4.9911013248810505
Aaron Holiday,HOU,78,16.3,4.9575422659717026
Landry Shamet,WAS,46,15.8,4.945232781229553
Derrick Jones Jr.,DAL,76,23.5,4.74788003559604
Keita Bates-Diop,BKN,53,12.5,4.683483666138203
Jamal Cain,MIA,26,10.0,4.677878527500944
Jordan Hawkins,NOP,67,17.3,4.654861058562755
Noah Clowney,BKN,23,16.1,4.651515817537958
Jae'Sean Tate,HOU,65,15.9,4.602681813584564
Jaden Hardy,DAL,73,13.6,4.574313551320683
Cameron Payne,PHI,78,16.7,4.563601471022286
Marcus Sasser,DET,71,19.0,4.5346350688584645
Cole Anthony,ORL,81,22.4,4.523294241637757
Chris Duarte,SAC,59,12.2,4.432974120365427
Moses Moody,GSW,66,17.5,4.218316323626906
Patrick Beverley,MIL,73,20.0,3.891543660663808
Nickeil Alexander-Walker,MIN,82,23.4,3.7728939236095416
Bryce McGowens,CHA,59,14.9,3.5963147097838437
Julian Champagnie,SAS,74,19.8,3.354382215208667
Naji Marshall,NOP,66,19.0,2.832450246072798
