,count,mean,std,min,25%,50%,75%,max
MIN,421.0,22.631591448931115,7.975036920907104,10.0,15.5,22.3,29.5,37.8
PTS,421.0,10.484798099762472,6.636138921132363,1.3,5.3,8.5,14.0,34.7
FGM,421.0,3.8729216152019004,2.3841896429111937,0.5,2.0,3.2,5.1,11.5
FGA,421.0,8.199762470308789,4.858818682670137,1.0,4.3,6.8,11.0,23.6
FG_PCT,421.0,0.4708883610451307,0.07556961081346064,0.286,0.428,0.456,0.499,0.747
FG3M,421.0,1.1847980997624703,0.8908833334961107,0.0,0.5,1.1,1.7,4.8
FG3A,421.0,3.2589073634204277,2.2706507864000103,0.0,1.6,3.0,4.7,11.8
FG3_PCT,421.0,0.3264679334916864,0.11904023746598237,0.0,0.307,0.355,0.387,1.0
FTM,421.0,1.5570071258907363,1.4524132864687673,0.0,0.6,1.1,2.0,10.2
FTA,421.0,1.9847980997624703,1.7596284157515159,0.0,0.8,1.4,2.6,11.6
FT_PCT,421.0,0.7666959619952494,0.10475944193308728,0.288,0.714,0.783,0.833,1.0
OREB,421.0,1.0009501187648455,0.7679589832060633,0.1,0.5,0.8,1.3,4.6
DREB,421.0,3.0695961995249403,1.759742156000296,0.5,1.8,2.7,3.7,10.1
REB,421.0,4.061995249406175,2.356900670670266,0.8,2.3,3.5,5.1,13.7
AST,421.0,2.478384798099763,1.9103061968866641,0.4,1.1,1.7,3.4,10.9
STL,421.0,0.7085510688836105,0.3510840902934625,0.1,0.4,0.7,0.9,2.1
BLK,421.0,0.4871733966745843,0.43163790033413857,0.0,0.2,0.4,0.6,3.6
TOV,421.0,1.2099762470308788,0.784975128150826,0.1,0.6,1.0,1.6,4.4
